time,step,reward,terminated,truncated,fmu_status,fmu_error,failure_type,transition_valid,requested_u_tp,requested_u_battery,requested_caes_mode,requested_caes_magnitude,decoded_u_tp,decoded_u_battery,decoded_u_caes,rt_raw_grid_cost,rt_raw_thermal_cost,rt_raw_battery_cost,rt_raw_caes_cost,rt_raw_curtailment_cost,rt_raw_unserved_cost,rt_raw_ramp_cost,rt_raw_total_cost,rt_cost_reference,rt_cost_reference_missing,rt_normalized_cost,rt_terminal_soc_bonus,rt_reward,rt_terminal_soc_l1_error,rt_terminal_soc_l2_error,rt_terminal_soc_tolerance,rt_terminal_soc_satisfied,obs_battery_soc,obs_caes_gas_soc,obs_caes_hot_soc,obs_caes_cold_soc,obs_caes_gas_pressure,obs_caes_gas_temperature,obs_caes_hot_temperature,obs_caes_cold_temperature,obs_p_thermal,obs_p_battery,obs_p_caes,obs_p_grid,obs_p_wind_available,obs_p_wind_actual,obs_p_pv_available,obs_p_pv_actual,obs_p_load_actual,obs_p_curtailment,obs_p_unserved,u_tp_dynamic_low,u_tp_dynamic_high,u_battery_dynamic_low,u_battery_dynamic_high,caes_discharge_allowed,caes_idle_allowed,caes_charge_allowed
3600.0,0,-0.34900934848899573,False,False,ok,,,True,1.0,0.0,1,0.0,1.0,0.0,0.0,-5366.134019999999,60000.0,0.0,0.0,-0.0,0.0,0.0,54633.86598,156539.83544146415,0.0,0.34900934848899573,0.0,-0.34900934848899573,0.023648533337612077,0.0005592531290201498,0.05,1.0,0.5,0.8263514637947083,0.5,0.5,8263514.5,272.8417053222656,473.1572265625,313.16363525390625,-150000000.0,0.0,0.0,-53661340.0,0.0,0.0,-0.0,-0.0,203661344.0,-0.0,0.0,0.85,1.0,-1.0,1.0,True,True,False
7200.0,1,-0.32803223598124737,False,False,ok,,,True,1.0,0.0,1,0.0,1.0,0.0,0.0,-8649.88776,60000.0,0.0,0.0,-0.0,0.0,0.0,51350.11224,156539.83544146415,0.0,0.32803223598124737,0.0,-0.32803223598124737,0.03738011840487987,0.0013972732519628387,0.05,1.0,0.5,0.8126198649406433,0.5,0.5,8126199.0,268.3078308105469,473.1572265625,313.16363525390625,-150000000.0,0.0,0.0,-86498880.0,0.0,0.0,-0.0,-0.0,236498880.0,-0.0,0.0,0.85,1.0,-1.0,1.0,True,True,True
10800.0,2,-0.3402847865514645,False,False,ok,,,True,1.0,0.0,1,0.0,1.0,0.0,0.0,-6731.875509999999,60000.0,0.0,0.0,-0.0,0.0,0.0,53268.12449,156539.83544146415,0.0,0.3402847865514645,0.0,-0.3402847865514645,0.04569580320986211,0.002088106430994444,0.05,1.0,0.5,0.8043041825294495,0.5,0.5,8043042.0,265.5621643066406,473.1572265625,313.16363525390625,-150000000.0,0.0,0.0,-67318752.0,0.0,0.0,-0.0,-0.0,217318752.0,-0.0,0.0,0.85,1.0,-1.0,1.0,True,True,True
14400.0,3,-0.3305163411223021,False,False,ok,,,True,1.0,0.0,1,0.0,1.0,0.0,0.0,-8261.02635,60000.0,0.0,0.0,-0.0,0.0,0.0,51738.97365,156539.83544146415,0.0,0.3305163411223021,0.0,-0.3305163411223021,0.050361360005673705,0.002536266581621071,0.05,0.0,0.5,0.7996386289596558,0.5,0.5,7996386.5,264.0216979980469,473.1572265625,313.16363525390625,-150000000.0,0.0,0.0,-82610264.0,0.0,0.0,-0.0,-0.0,232610256.0,-0.0,0.0,0.85,1.0,-1.0,1.0,True,True,True
18000.0,4,-0.33596057253852,False,False,ok,,,True,1.0,0.0,1,0.0,1.0,0.0,0.0,-7408.787259999999,60000.0,0.0,0.0,-0.0,0.0,0.0,52591.21274,156539.83544146415,0.0,0.33596057253852,0.0,-0.33596057253852,0.052565159699766495,0.002763096014261956,0.05,0.0,0.5,0.7974348664283752,0.5,0.5,7974348.5,263.2940673828125,473.1572265625,313.16363525390625,-150000000.0,0.0,0.0,-74087872.0,0.0,0.0,-0.0,-0.0,224087872.0,-0.0,0.0,0.85,1.0,-1.0,1.0,True,True,True
21600.0,5,-0.33912793928962026,False,False,ok,,,True,1.0,0.0,1,0.0,1.0,0.0,0.0,-6912.9681900000005,60000.0,0.0,0.0,-0.0,0.0,0.0,53087.03181,156539.83544146415,0.0,0.33912793928962026,0.0,-0.33912793928962026,0.05404085737320685,0.0029204142656312853,0.05,0.0,0.5,0.7959591150283813,0.5,0.5,7959591.5,262.80682373046875,473.1572265625,313.16363525390625,-150000000.0,0.0,0.0,-69129680.0,0.0,0.0,-0.0,-0.0,219129680.0,-0.0,0.0,0.85,1.0,-1.0,1.0,True,True,True
25200.0,6,-0.349466411211725,False,False,ok,,,True,1.0,0.0,1,0.0,1.0,0.0,0.0,-5294.585496597525,60000.0,0.0,0.0,-0.0,0.0,0.0,54705.41450340248,156539.83544146415,0.0,0.349466411211725,0.0,-0.349466411211725,0.05561757763360142,0.0030933149418296813,0.05,0.0,0.5,0.7943823933601379,0.5,0.5,7943824.0,262.2862243652344,473.1572265625,313.16363525390625,-150000000.0,0.0,0.0,-52945856.0,0.0,0.0,-13398437.0,-13398437.0,216344288.0,-0.0,0.0,0.85,1.0,-1.0,1.0,True,True,True
28800.0,7,-0.399652373617157,False,False,ok,,,True,1.0,0.0,1,0.0,1.0,0.0,0.0,2561.5167998203037,60000.0,0.0,0.0,-0.0,0.0,0.0,62561.5167998203,156539.83544146415,0.0,0.399652373617157,0.0,-0.399652373617157,0.05566808482896801,0.0030989356685251785,0.05,0.0,0.5,0.7943319082260132,0.5,0.5,7943319.0,262.2695617675781,473.1572265625,313.16363525390625,-150000000.0,0.0,0.0,4269194.5,-2162042.25,-2162042.25,-57259148.0,-57259148.0,205152000.0,-0.0,0.0,0.85,1.0,-1.0,1.0,True,True,True
32400.0,8,-0.5849141575365562,False,False,ok,,,True,1.0,0.0,1,0.0,1.0,0.0,0.0,31562.36596815514,60000.0,0.0,0.0,-0.0,0.0,0.0,91562.36596815514,156539.83544146415,0.0,0.5849141575365562,0.0,-0.5849141575365562,0.05287638491729085,0.0027959120819215037,0.05,0.0,0.5,0.7971236109733582,0.5,0.5,7971236.0,263.1913146972656,473.1572265625,313.16363525390625,-150000000.0,0.0,0.0,52603944.0,-22277342.0,-22277342.0,-98847216.0,-98847216.0,218520624.0,-0.0,0.0,0.85,1.0,-1.0,1.0,True,True,True
36000.0,9,-0.7381772584205069,False,False,ok,,,True,1.0,0.0,1,0.0,1.0,0.0,0.0,55554.146559777306,60000.0,0.0,0.0,-0.0,0.0,0.0,115554.1465597773,156539.83544146415,0.0,0.7381772584205069,0.0,-0.7381772584205069,0.048293939263267194,0.0023323045695641405,0.05,1.0,0.5,0.801706075668335,0.5,0.5,8017060.5,264.7043151855469,473.1572265625,313.16363525390625,-150000000.0,0.0,0.0,92590248.0,-37318364.0,-37318364.0,-124143960.0,-124143960.0,218872080.0,-0.0,0.0,0.85,1.0,-1.0,1.0,True,True,True
39600.0,10,-0.7197799806336251,False,False,ok,,,True,1.0,0.0,1,0.0,1.0,0.0,0.0,52674.23972244793,60000.0,0.0,0.0,-0.0,0.0,0.0,112674.23972244794,156539.83544146415,0.0,0.7197799806336251,0.0,-0.7197799806336251,0.043342034396675055,0.0018785319456425637,0.05,1.0,0.5,0.8066579699516296,0.5,0.5,8066579.5,266.33929443359375,473.1572265625,313.16363525390625,-150000000.0,0.0,0.0,87790400.0,-41586420.0,-41586420.0,-120293896.0,-120293896.0,224089920.0,-0.0,0.0,0.85,1.0,-1.0,1.0,True,True,True
43200.0,11,-0.611169104965946,False,False,ok,,,True,1.0,0.0,1,0.0,1.0,0.0,0.0,35672.31111827612,60000.0,0.0,0.0,-0.0,0.0,0.0,95672.31111827612,156539.83544146415,0.0,0.611169104965946,0.0,-0.611169104965946,0.039042487349492117,0.001524315818435252,0.05,1.0,0.5,0.8109574913978577,0.5,0.5,8109575.0,267.7589111328125,473.1572265625,313.16363525390625,-150000000.0,0.0,0.0,59453852.0,-38889120.0,-38889120.0,-110345712.0,-110345712.0,239780976.0,-0.0,0.0,0.85,1.0,-1.0,1.0,True,True,True
46800.0,12,-0.5100444859140152,False,False,ok,,,True,1.0,0.0,1,0.0,1.0,0.0,0.0,19842.279892806127,60000.0,0.0,0.0,-0.0,0.0,0.0,79842.27989280612,156539.83544146415,0.0,0.5100444859140152,0.0,-0.5100444859140152,0.03587552027453289,0.0012870529549684204,0.05,1.0,0.5,0.8141244649887085,0.5,0.5,8141245.0,268.8045654296875,473.1572265625,313.16363525390625,-150000000.0,0.0,0.0,33070466.0,-32815878.0,-32815878.0,-84824272.0,-84824272.0,234569680.0,-0.0,0.0,0.85,1.0,-1.0,1.0,True,True,True
50400.0,13,-0.40915706309203764,False,False,ok,,,True,1.0,0.0,1,0.0,1.0,0.0,0.0,4049.379326140344,60000.0,0.0,0.0,-0.0,0.0,0.0,64049.37932614034,156539.83544146415,0.0,0.40915706309203764,0.0,-0.40915706309203764,0.034133669902025154,0.001165107420980418,0.05,1.0,0.5,0.8158663511276245,0.5,0.5,8158663.5,269.37969970703125,473.1572265625,313.16363525390625,-150000000.0,0.0,0.0,6748965.5,-35028160.0,-35028160.0,-64210312.0,-64210312.0,242489504.0,-0.0,0.0,0.85,1.0,-1.0,1.0,True,True,True
54000.0,14,-0.3717499109584532,False,False,ok,,,True,1.0,0.0,1,0.0,1.0,0.0,0.0,-1806.330113184783,60000.0,0.0,0.0,-0.0,0.0,0.0,58193.669886815216,156539.83544146415,0.0,0.3717499109584532,0.0,-0.3717499109584532,0.034198034682384915,0.0011695055761376015,0.05,1.0,0.5,0.8158019781112671,0.5,0.5,8158019.5,269.3584289550781,473.1572265625,313.16363525390625,-150000000.0,0.0,0.0,-18063302.0,-33544730.0,-33544730.0,-24006094.0,-24006094.0,225614128.0,-0.0,0.0,0.85,1.0,-1.0,1.0,True,True,True
57600.0,15,-0.33190127365404554,False,False,ok,,,True,1.0,0.0,1,0.0,1.0,0.0,0.0,-8044.229239383352,60000.0,0.0,0.0,-0.0,0.0,0.0,51955.77076061665,156539.83544146415,0.0,0.33190127365404554,0.0,-0.33190127365404554,0.0359022903829368,0.001288974454740716,0.05,1.0,0.5,0.8140977025032043,0.5,0.5,8140977.0,268.7957458496094,473.1572265625,313.16363525390625,-150000000.0,0.0,0.0,-80442296.0,-12309378.0,-12309378.0,-0.0,-0.0,242751664.0,-0.0,0.0,0.85,1.0,-1.0,1.0,True,True,True
61200.0,16,-0.33648171483926365,False,False,ok,,,True,1.0,0.0,1,0.0,1.0,0.0,0.0,-7327.207730000001,60000.0,0.0,0.0,-0.0,0.0,0.0,52672.79227,156539.83544146415,0.0,0.33648171483926365,0.0,-0.33648171483926365,0.038293427573147576,0.001466386595299899,0.05,1.0,0.5,0.81170654296875,0.5,0.5,8117065.5,268.0062255859375,473.1572265625,313.16363525390625,-150000000.0,0.0,0.0,-73272080.0,0.0,0.0,-0.0,-0.0,223272080.0,-0.0,0.0,0.85,1.0,-1.0,1.0,True,True,True
64800.0,17,-0.3428888043648882,False,False,ok,,,True,1.0,0.0,1,0.0,1.0,0.0,0.0,-6324.242990000001,60000.0,0.0,0.0,-0.0,0.0,0.0,53675.75701,156539.83544146415,0.0,0.3428888043648882,0.0,-0.3428888043648882,0.04093707040453032,0.0016758437333054721,0.05,1.0,0.5,0.8090629577636719,0.5,0.5,8090629.5,267.13336181640625,473.1572265625,313.16363525390625,-150000000.0,0.0,0.0,-63242428.0,0.0,0.0,-0.0,-0.0,213242432.0,-0.0,0.0,0.85,1.0,-1.0,1.0,True,True,True
68400.0,18,-0.3312420687281835,False,False,ok,,,True,1.0,0.0,1,0.0,1.0,0.0,0.0,-8147.4210699999985,60000.0,0.0,0.0,-0.0,0.0,0.0,51852.57893,156539.83544146415,0.0,0.3312420687281835,0.0,-0.3312420687281835,0.0432255465216439,0.001868447872094801,0.05,1.0,0.5,0.8067744374275208,0.5,0.5,8067744.5,266.3777770996094,473.1572265625,313.16363525390625,-150000000.0,0.0,0.0,-81474208.0,0.0,0.0,-0.0,-0.0,231474208.0,-0.0,0.0,0.85,1.0,-1.0,1.0,True,True,True
72000.0,19,-0.33337411696407676,False,False,ok,,,True,1.0,0.0,1,0.0,1.0,0.0,0.0,-7813.670590000001,60000.0,0.0,0.0,-0.0,0.0,0.0,52186.32941,156539.83544146415,0.0,0.33337411696407676,0.0,-0.33337411696407676,0.04499759910706569,0.002024783925400199,0.05,1.0,0.5,0.8050023913383484,0.5,0.5,8050024.0,265.79266357421875,473.1572265625,313.16363525390625,-150000000.0,0.0,0.0,-78136704.0,0.0,0.0,-0.0,-0.0,228136704.0,-0.0,0.0,0.85,1.0,-1.0,1.0,True,True,True
75600.0,20,-0.33406332332292943,False,False,ok,,,True,1.0,0.0,1,0.0,1.0,0.0,0.0,-7705.782340000001,60000.0,0.0,0.0,-0.0,0.0,0.0,52294.21766,156539.83544146415,0.0,0.33406332332292943,0.0,-0.33406332332292943,0.04706628092566767,0.002215234800173868,0.05,1.0,0.5,0.8029336929321289,0.5,0.5,8029337.0,265.1096496582031,473.1572265625,313.16363525390625,-150000000.0,0.0,0.0,-77057824.0,0.0,0.0,-0.0,-0.0,227057824.0,-0.0,0.0,0.85,1.0,-1.0,1.0,True,True,True
79200.0,21,-0.3387856046381952,False,False,ok,,,True,1.0,0.0,1,0.0,1.0,0.0,0.0,-6966.557199999999,60000.0,0.0,0.0,-0.0,0.0,0.0,53033.442800000004,156539.83544146415,0.0,0.3387856046381952,0.0,-0.3387856046381952,0.049726629209789985,0.0024727376525679385,0.05,1.0,0.5,0.8002733588218689,0.5,0.5,8002733.5,264.23126220703125,473.1572265625,313.16363525390625,-150000000.0,0.0,0.0,-69665568.0,0.0,0.0,-0.0,-0.0,219665568.0,-0.0,0.0,0.85,1.0,-1.0,1.0,True,True,True
82800.0,22,-0.3379183834633603,False,False,ok,,,True,1.0,0.0,1,0.0,1.0,0.0,0.0,-7102.311859999999,60000.0,0.0,0.0,-0.0,0.0,0.0,52897.68814,156539.83544146415,0.0,0.3379183834633603,0.0,-0.3379183834633603,0.05280551275243217,0.0027884221770472766,0.05,0.0,0.5,0.7971944808959961,0.5,0.5,7971945.0,263.2146911621094,473.1572265625,313.16363525390625,-150000000.0,0.0,0.0,-71023120.0,0.0,0.0,-0.0,-0.0,221023120.0,-0.0,0.0,0.85,1.0,-1.0,1.0,True,True,True
86400.0,23,-0.3469684886075538,False,False,ok,,,True,1.0,0.0,1,0.0,1.0,0.0,0.0,-5685.609890000001,60000.0,0.0,0.0,-0.0,0.0,0.0,54314.39011,156539.83544146415,0.0,0.3469684886075538,0.0,-0.3469684886075538,0.05581906713145124,0.00311576825542546,0.05,0.0,0.5,0.7941809296607971,0.5,0.5,7941809.5,262.21966552734375,473.1572265625,313.16363525390625,-150000000.0,0.0,0.0,-56856100.0,0.0,0.0,-0.0,-0.0,206856096.0,-0.0,0.0,0.85,1.0,-1.0,1.0,True,True,True
90000.0,24,-0.34201588662088633,False,False,ok,,,True,1.0,0.0,1,0.0,1.0,0.0,0.0,-6460.88939,60000.0,0.0,0.0,-0.0,0.0,0.0,53539.11061,156539.83544146415,0.0,0.34201588662088633,0.0,-0.34201588662088633,0.058560442342893704,0.003429325407395378,0.05,0.0,0.5,0.7914395332336426,0.5,0.5,7914395.5,261.3145446777344,473.1572265625,313.16363525390625,-150000000.0,0.0,0.0,-64608892.0,0.0,0.0,-0.0,-0.0,214608896.0,-0.0,0.0,0.85,1.0,-1.0,1.0,True,True,True
93600.0,25,-0.3511143586870115,False,False,ok,,,True,1.0,0.0,1,0.0,1.0,0.0,0.0,-5036.616069999999,60000.0,0.0,0.0,-0.0,0.0,0.0,54963.38393,156539.83544146415,0.0,0.3511143586870115,0.0,-0.3511143586870115,0.061010337852794416,0.003722261324912119,0.05,0.0,0.5,0.7889896631240845,0.5,0.5,7889896.5,260.5056457519531,473.1572265625,313.16363525390625,-150000000.0,0.0,0.0,-50366160.0,0.0,0.0,-0.0,-0.0,200366160.0,-0.0,0.0,0.85,1.0,-1.0,1.0,True,True,True
97200.0,26,-0.32155708952960166,False,False,ok,,,True,1.0,0.0,1,0.0,1.0,0.0,0.0,-9663.506119999998,60000.0,0.0,0.0,-0.0,0.0,0.0,50336.49388,156539.83544146415,0.0,0.32155708952960166,0.0,-0.32155708952960166,0.06315055072447995,0.0039879920568051145,0.05,0.0,0.5,0.7868494391441345,0.5,0.5,7868494.5,259.7989807128906,473.1572265625,313.16363525390625,-150000000.0,0.0,0.0,-96635064.0,0.0,0.0,-0.0,-0.0,246635056.0,-0.0,0.0,0.85,1.0,-1.0,1.0,True,True,True
100800.0,27,-0.3318880918935637,False,False,ok,,,True,1.0,0.0,1,0.0,1.0,0.0,0.0,-8046.292709999999,60000.0,0.0,0.0,-0.0,0.0,0.0,51953.70729,156539.83544146415,0.0,0.3318880918935637,0.0,-0.3318880918935637,0.06498419340221773,0.004222945392136838,0.05,0.0,0.5,0.7850158214569092,0.5,0.5,7850158.0,259.1935729980469,473.1572265625,313.16363525390625,-150000000.0,0.0,0.0,-80462928.0,0.0,0.0,-0.0,-0.0,230462928.0,-0.0,0.0,0.85,1.0,-1.0,1.0,True,True,True
104400.0,28,-0.32286204586499007,False,False,ok,,,True,1.0,0.0,1,0.0,1.0,0.0,0.0,-9459.228469999998,60000.0,0.0,0.0,-0.0,0.0,0.0,50540.77153,156539.83544146415,0.0,0.32286204586499007,0.0,-0.32286204586499007,0.06635808927684073,0.004403396012473164,0.05,0.0,0.5,0.7836419343948364,0.5,0.5,7836419.0,258.73992919921875,473.1572265625,313.16363525390625,-150000000.0,0.0,0.0,-94592288.0,0.0,0.0,-0.0,-0.0,244592288.0,-0.0,0.0,0.85,1.0,-1.0,1.0,True,True,True
108000.0,29,-0.3379068059630078,False,False,ok,,,True,1.0,0.0,1,0.0,1.0,0.0,0.0,-7104.124199999999,60000.0,0.0,0.0,-0.0,0.0,0.0,52895.8758,156539.83544146415,0.0,0.3379068059630078,0.0,-0.3379068059630078,0.0671375424161963,0.004507449601686557,0.05,0.0,0.5,0.7828624844551086,0.5,0.5,7828624.5,258.4825744628906,473.1572265625,313.16363525390625,-150000000.0,0.0,0.0,-71041240.0,0.0,0.0,-0.0,-0.0,221041248.0,-0.0,0.0,0.85,1.0,-1.0,1.0,True,True,True
111600.0,30,-0.34715282914021073,False,False,ok,,,True,1.0,0.0,1,0.0,1.0,0.0,0.0,-5656.753253352689,60000.0,0.0,0.0,-0.0,0.0,0.0,54343.24674664731,156539.83544146415,0.0,0.34715282914021073,0.0,-0.34715282914021073,0.06727916914353593,0.004526486600644517,0.05,0.0,0.5,0.7827208042144775,0.5,0.5,7827208.5,258.4358215332031,473.1572265625,313.16363525390625,-150000000.0,0.0,0.0,-56567532.0,0.0,0.0,-13441535.0,-13441535.0,220009072.0,-0.0,0.0,0.85,1.0,-1.0,1.0,True,True,True
115200.0,31,-0.3729058576989868,False,False,ok,,,True,1.0,0.0,1,0.0,1.0,0.0,0.0,-1625.3784006425558,60000.0,0.0,0.0,-0.0,0.0,0.0,58374.621599357444,156539.83544146415,0.0,0.3729058576989868,0.0,-0.3729058576989868,0.06573998658779878,0.004321745836563964,0.05,0.0,0.5,0.7842600345611572,0.5,0.5,7842600.0,258.94403076171875,473.1572265625,313.16363525390625,-150000000.0,0.0,0.0,-16253784.0,0.0,-0.0,-61442920.0,-61442920.0,227696704.0,-0.0,0.0,0.85,1.0,-1.0,1.0,True,True,True
118800.0,32,-0.4679519560225906,False,False,ok,,,True,1.0,0.0,1,0.0,1.0,0.0,0.0,13253.122190287595,60000.0,0.0,0.0,-0.0,0.0,0.0,73253.1221902876,156539.83544146415,0.0,0.4679519560225906,0.0,-0.4679519560225906,0.06159291749613671,0.003793687485685904,0.05,0.0,0.5,0.7884070873260498,0.5,0.5,7884071.0,260.31329345703125,473.1572265625,313.16363525390625,-150000000.0,0.0,0.0,22088536.0,0.0,0.0,-101901512.0,-101901512.0,229812976.0,-0.0,0.0,0.85,1.0,-1.0,1.0,True,True,True
122400.0,33,-0.5626737839358718,False,False,ok,,,True,1.0,0.0,1,0.0,1.0,0.0,0.0,28080.861544547304,60000.0,0.0,0.0,-0.0,0.0,0.0,88080.86154454731,156539.83544146415,0.0,0.5626737839358718,0.0,-0.5626737839358718,0.05583864560717422,0.0031179543432435968,0.05,0.0,0.5,0.7941613793373108,0.5,0.5,7941613.5,262.21319580078125,473.1572265625,313.16363525390625,-150000000.0,0.0,0.0,46801436.0,0.0,-0.0,-122115376.0,-122115376.0,225313936.0,-0.0,0.0,0.85,1.0,-1.0,1.0,True,True,True
126000.0,34,-0.5980266182415931,False,False,ok,,,True,1.0,0.0,1,0.0,1.0,0.0,0.0,33614.988409154284,60000.0,0.0,0.0,-0.0,0.0,0.0,93614.98840915429,156539.83544146415,0.0,0.5980266182415931,0.0,-0.5980266182415931,0.0501189011521741,0.002511904252701398,0.05,0.0,0.5,0.799881100654602,0.5,0.5,7998811.0,264.1017150878906,473.1572265625,313.16363525390625,-150000000.0,0.0,0.0,56024980.0,0.0,-0.0,-135385456.0,-135385456.0,229360480.0,-0.0,0.0,0.85,1.0,-1.0,1.0,True,True,True
129600.0,35,-0.663950115766552,False,False,ok,,,True,1.0,0.0,1,0.0,1.0,0.0,0.0,43934.64186343714,60000.0,0.0,0.0,-0.0,0.0,0.0,103934.64186343714,156539.83544146415,0.0,0.663950115766552,0.0,-0.663950115766552,0.04521999432144841,0.002044847886431826,0.05,1.0,0.5,0.8047800064086914,0.5,0.5,8047800.0,265.7192077636719,473.1572265625,313.16363525390625,-150000000.0,0.0,0.0,73224400.0,0.0,0.0,-129865488.0,-129865488.0,206641088.0,-0.0,0.0,0.85,1.0,-1.0,1.0,True,True,True
133200.0,36,-0.4624803980877729,False,False,ok,,,True,1.0,0.0,1,0.0,1.0,0.0,0.0,12396.605411562814,60000.0,0.0,0.0,-0.0,0.0,0.0,72396.6054115628,156539.83544146415,0.0,0.4624803980877729,0.0,-0.4624803980877729,0.041212137030449014,0.0016984402386165068,0.05,1.0,0.5,0.8087878823280334,0.5,0.5,8087878.5,267.0425109863281,473.1572265625,313.16363525390625,-150000000.0,0.0,0.0,20661010.0,0.0,0.0,-108740912.0,-108740912.0,238079904.0,-0.0,0.0,0.85,1.0,-1.0,1.0,True,True,True
136800.0,37,-0.378403019964584,False,False,ok,,,True,1.0,0.0,1,0.0,1.0,0.0,0.0,-764.8535241909503,60000.0,0.0,0.0,-0.0,0.0,0.0,59235.14647580905,156539.83544146415,0.0,0.378403019964584,0.0,-0.378403019964584,0.038089870011496774,0.0014508381974927213,0.05,1.0,0.5,0.8119101524353027,0.5,0.5,8119101.5,268.07342529296875,473.1572265625,313.16363525390625,-150000000.0,0.0,0.0,-7648535.0,0.0,0.0,-74908640.0,-74908640.0,232557168.0,-0.0,0.0,0.85,1.0,-1.0,1.0,True,True,True
140400.0,38,-0.35961698184979396,False,False,ok,,,True,1.0,0.0,1,0.0,1.0,0.0,0.0,-3705.6168392772524,60000.0,0.0,0.0,-0.0,0.0,0.0,56294.38316072275,156539.83544146415,0.0,0.35961698184979396,0.0,-0.35961698184979396,0.036210346969248186,0.0013111892276333414,0.05,1.0,0.5,0.8137896656990051,0.5,0.5,8137896.5,268.6939697265625,473.1572265625,313.16363525390625,-150000000.0,0.0,0.0,-37056168.0,0.0,0.0,-30498326.0,-30498326.0,217554496.0,-0.0,0.0,0.85,1.0,-1.0,1.0,True,True,True
144000.0,39,-0.3413637043842557,False,False,ok,,,True,1.0,0.0,1,0.0,1.0,0.0,0.0,-6562.981890000001,60000.0,0.0,0.0,-0.0,0.0,0.0,53437.01811,156539.83544146415,0.0,0.3413637043842557,0.0,-0.3413637043842557,0.036478987689926745,0.001330716542881827,0.05,1.0,0.5,0.8135210275650024,0.5,0.5,8135210.0,268.60528564453125,473.1572265625,313.16363525390625,-150000000.0,0.0,0.0,-65629820.0,0.0,0.0,-0.0,-0.0,215629824.0,-0.0,0.0,0.85,1.0,-1.0,1.0,True,True,True
147600.0,40,-0.34258849971803956,False,False,ok,,,True,1.0,0.0,1,0.0,1.0,0.0,0.0,-6371.252630000001,60000.0,0.0,0.0,-0.0,0.0,0.0,53628.74737,156539.83544146415,0.0,0.34258849971803956,0.0,-0.34258849971803956,0.03833717770249445,0.0014697391941926377,0.05,1.0,0.5,0.8116627931594849,0.5,0.5,8116628.0,267.99176025390625,473.1572265625,313.16363525390625,-150000000.0,0.0,0.0,-63712528.0,0.0,0.0,-0.0,-0.0,213712528.0,-0.0,0.0,0.85,1.0,-1.0,1.0,True,True,True
151200.0,41,-0.34657214348667753,False,False,ok,,,True,1.0,0.0,1,0.0,1.0,0.0,0.0,-5747.653690000001,60000.0,0.0,0.0,-0.0,0.0,0.0,54252.34631,156539.83544146415,0.0,0.34657214348667753,0.0,-0.34657214348667753,0.04041919061874388,0.0016337109702743535,0.05,1.0,0.5,0.8095808029174805,0.5,0.5,8095808.0,267.3043212890625,473.1572265625,313.16363525390625,-150000000.0,0.0,0.0,-57476536.0,0.0,0.0,-0.0,-0.0,207476544.0,-0.0,0.0,0.85,1.0,-1.0,1.0,True,True,True
154800.0,42,-0.3406690154592717,False,False,ok,,,True,1.0,0.0,1,0.0,1.0,0.0,0.0,-6671.7283800000005,60000.0,0.0,0.0,-0.0,0.0,0.0,53328.27162,156539.83544146415,0.0,0.3406690154592717,0.0,-0.3406690154592717,0.042439999694286024,0.0018011535740509977,0.05,1.0,0.5,0.8075600266456604,0.5,0.5,8075600.0,266.6370849609375,473.1572265625,313.16363525390625,-150000000.0,0.0,0.0,-66717284.0,0.0,0.0,-0.0,-0.0,216717280.0,-0.0,0.0,0.85,1.0,-1.0,1.0,True,True,True
158400.0,43,-0.32474053397742947,False,False,ok,,,True,1.0,0.0,1,0.0,1.0,0.0,0.0,-9165.17025,60000.0,0.0,0.0,-0.0,0.0,0.0,50834.829750000004,156539.83544146415,0.0,0.32474053397742947,0.0,-0.32474053397742947,0.044244948750608804,0.0019576154899439997,0.05,1.0,0.5,0.805755078792572,0.5,0.5,8057550.5,266.0411376953125,473.1572265625,313.16363525390625,-150000000.0,0.0,0.0,-91651704.0,0.0,0.0,-0.0,-0.0,241651696.0,-0.0,0.0,0.85,1.0,-1.0,1.0,True,True,True
162000.0,44,-0.34388768225152355,False,False,ok,,,True,1.0,0.0,1,0.0,1.0,0.0,0.0,-6167.878809999998,60000.0,0.0,0.0,-0.0,0.0,0.0,53832.121190000005,156539.83544146415,0.0,0.34388768225152355,0.0,-0.34388768225152355,0.0458534032436102,0.0021025345890211228,0.05,1.0,0.5,0.8041465878486633,0.5,0.5,8041466.0,265.51007080078125,473.1572265625,313.16363525390625,-150000000.0,0.0,0.0,-61678788.0,0.0,0.0,-0.0,-0.0,211678784.0,-0.0,0.0,0.85,1.0,-1.0,1.0,True,True,True
165600.0,45,-0.3491366592143698,False,False,ok,,,True,1.0,0.0,1,0.0,1.0,0.0,0.0,-5346.204819999999,60000.0,0.0,0.0,-0.0,0.0,0.0,54653.79518,156539.83544146415,0.0,0.3491366592143698,0.0,-0.3491366592143698,0.04760824111698869,0.0022665446222533327,0.05,1.0,0.5,0.802391767501831,0.5,0.5,8023917.5,264.9306640625,473.1572265625,313.16363525390625,-150000000.0,0.0,0.0,-53462048.0,0.0,0.0,-0.0,-0.0,203462048.0,-0.0,0.0,0.85,1.0,-1.0,1.0,True,True,True
169200.0,46,-0.33554630999750534,False,False,ok,,,True,1.0,0.0,1,0.0,1.0,0.0,0.0,-7473.63585,60000.0,0.0,0.0,-0.0,0.0,0.0,52526.36415,156539.83544146415,0.0,0.33554630999750534,0.0,-0.33554630999750534,0.0497652465402606,0.0024765797632129195,0.05,1.0,0.5,0.8002347350120544,0.5,0.5,8002347.5,264.2184753417969,473.1572265625,313.16363525390625,-150000000.0,0.0,0.0,-74736360.0,0.0,0.0,-0.0,-0.0,224736352.0,-0.0,0.0,0.85,1.0,-1.0,1.0,True,True,True
172800.0,47,-0.34744666197338686,False,False,ok,,,True,1.0,0.0,1,0.0,1.0,0.0,0.0,-5610.756709999999,60000.0,0.0,0.0,-0.0,0.0,0.0,54389.24329,156539.83544146415,0.0,0.34744666197338686,0.0,-0.34744666197338686,0.05233444423362632,0.002738894053242543,0.05,0.0,0.5,0.797665536403656,0.5,0.5,7976655.5,263.37017822265625,473.1572265625,313.16363525390625,-150000000.0,0.0,0.0,-56107568.0,0.0,0.0,-0.0,-0.0,206107568.0,-0.0,0.0,0.85,1.0,-1.0,1.0,True,True,True
176400.0,48,-0.33848824179845066,False,False,ok,,,True,1.0,0.0,1,0.0,1.0,0.0,0.0,-7013.1063300000005,60000.0,0.0,0.0,-0.0,0.0,0.0,52986.89367,156539.83544146415,0.0,0.33848824179845066,0.0,-0.33848824179845066,0.055037017505663255,0.0030290732959186834,0.05,0.0,0.5,0.794963002204895,0.5,0.5,7949630.0,262.47784423828125,473.1572265625,313.16363525390625,-150000000.0,0.0,0.0,-70131064.0,0.0,0.0,-0.0,-0.0,220131056.0,-0.0,0.0,0.85,1.0,-1.0,1.0,True,True,True
180000.0,49,-0.34843481715806407,False,False,ok,,,True,1.0,0.0,1,0.0,1.0,0.0,0.0,-5456.071059999998,60000.0,0.0,0.0,-0.0,0.0,0.0,54543.92894,156539.83544146415,0.0,0.34843481715806407,0.0,-0.34843481715806407,0.057517104601898184,0.003308217321785697,0.05,0.0,0.5,0.7924829125404358,0.5,0.5,7924829.0,261.65899658203125,473.1572265625,313.16363525390625,-150000000.0,0.0,0.0,-54560712.0,0.0,0.0,-0.0,-0.0,204560704.0,-0.0,0.0,0.85,1.0,-1.0,1.0,True,True,True
183600.0,50,-0.3283334204041583,False,False,ok,,,True,1.0,0.0,1,0.0,1.0,0.0,0.0,-8602.740399999999,60000.0,0.0,0.0,-0.0,0.0,0.0,51397.259600000005,156539.83544146415,0.0,0.3283334204041583,0.0,-0.3283334204041583,0.059674580306434466,0.003561055534749096,0.05,0.0,0.5,0.790325403213501,0.5,0.5,7903254.0,260.9466552734375,473.1572265625,313.16363525390625,-150000000.0,0.0,0.0,-86027408.0,0.0,0.0,-0.0,-0.0,236027408.0,-0.0,0.0,0.85,1.0,-1.0,1.0,True,True,True
187200.0,51,-0.34041357785843845,False,False,ok,,,True,1.0,0.0,1,0.0,1.0,0.0,0.0,-6711.714540000001,60000.0,0.0,0.0,-0.0,0.0,0.0,53288.28546,156539.83544146415,0.0,0.34041357785843845,0.0,-0.34041357785843845,0.06142151752218883,0.0037726028147285493,0.05,0.0,0.5,0.7885785102844238,0.5,0.5,7885785.0,260.3698425292969,473.1572265625,313.16363525390625,-150000000.0,0.0,0.0,-67117144.0,0.0,0.0,-0.0,-0.0,217117152.0,-0.0,0.0,0.85,1.0,-1.0,1.0,True,True,True
190800.0,52,-0.3332600639503525,False,False,ok,,,True,1.0,0.0,1,0.0,1.0,0.0,0.0,-7831.52443,60000.0,0.0,0.0,-0.0,0.0,0.0,52168.47557,156539.83544146415,0.0,0.3332600639503525,0.0,-0.3332600639503525,0.06266704312324434,0.003927158293810565,0.05,0.0,0.5,0.7873329520225525,0.5,0.5,7873329.5,259.9586181640625,473.1572265625,313.16363525390625,-150000000.0,0.0,0.0,-78315248.0,0.0,0.0,-0.0,-0.0,228315248.0,-0.0,0.0,0.85,1.0,-1.0,1.0,True,True,True
194400.0,53,-0.3304426505503945,False,False,ok,,,True,1.0,0.0,1,0.0,1.0,0.0,0.0,-8272.561859999998,60000.0,0.0,0.0,-0.0,0.0,0.0,51727.43814,156539.83544146415,0.0,0.3304426505503945,0.0,-0.3304426505503945,0.06357309289757507,0.00404153814056371,0.05,0.0,0.5,0.7864269018173218,0.5,0.5,7864269.0,259.6594543457031,473.1572265625,313.16363525390625,-150000000.0,0.0,0.0,-82725616.0,0.0,0.0,-0.0,-0.0,232725616.0,-0.0,0.0,0.85,1.0,-1.0,1.0,True,True,True
198000.0,54,-0.3392524304393143,False,False,ok,,,True,1.0,0.0,1,0.0,1.0,0.0,0.0,-6893.480365912973,60000.0,0.0,0.0,-0.0,0.0,0.0,53106.519634087024,156539.83544146415,0.0,0.3392524304393143,0.0,-0.3392524304393143,0.06415059832157255,0.0041152992650157465,0.05,0.0,0.5,0.785849392414093,0.5,0.5,7858494.0,259.4687805175781,473.1572265625,313.16363525390625,-150000000.0,0.0,0.0,-68934800.0,0.0,0.0,-13690254.0,-13690254.0,232625056.0,-0.0,0.0,0.85,1.0,-1.0,1.0,True,True,True
201600.0,55,-0.37032114230769825,False,False,ok,,,True,1.0,0.0,1,0.0,1.0,0.0,0.0,-2029.989322657889,60000.0,0.0,0.0,-0.0,0.0,0.0,57970.010677342114,156539.83544146415,0.0,0.37032114230769825,0.0,-0.37032114230769825,0.06270247720093214,0.003931600647133415,0.05,0.0,0.5,0.7872975468635559,0.5,0.5,7872975.0,259.9468994140625,473.1572265625,313.16363525390625,-150000000.0,0.0,0.0,-20299894.0,0.0,0.0,-64742944.0,-64742944.0,235042832.0,-0.0,0.0,0.85,1.0,-1.0,1.0,True,True,True
205200.0,56,-0.5306252175452976,False,False,ok,,,True,1.0,0.0,1,0.0,1.0,0.0,0.0,23063.984235631997,60000.0,0.0,0.0,-0.0,0.0,0.0,83063.984235632,156539.83544146415,0.0,0.5306252175452976,0.0,-0.5306252175452976,0.05829931158097856,0.0033988097308160214,0.05,0.0,0.5,0.7917006611824036,0.5,0.5,7917007.0,261.4007263183594,473.1572265625,313.16363525390625,-150000000.0,0.0,0.0,38439972.0,0.0,0.0,-103495200.0,-103495200.0,215055232.0,-0.0,0.0,0.85,1.0,-1.0,1.0,True,True,True
208800.0,57,-0.6745273521803693,False,False,ok,,,True,1.0,0.0,1,0.0,1.0,0.0,0.0,45590.40071108154,60000.0,0.0,0.0,-0.0,0.0,0.0,105590.40071108154,156539.83544146415,0.0,0.6745273521803693,0.0,-0.6745273521803693,0.05184574962584387,0.00268798175426569,0.05,0.0,0.5,0.7981542348861694,0.5,0.5,7981542.5,263.5315246582031,473.1572265625,313.16363525390625,-150000000.0,0.0,0.0,75984000.0,0.0,0.0,-130257192.0,-130257192.0,204273184.0,-0.0,0.0,0.85,1.0,-1.0,1.0,True,True,True
212400.0,58,-0.5832007322197136,False,False,ok,,,True,1.0,0.0,1,0.0,1.0,0.0,0.0,31294.146651015355,60000.0,0.0,0.0,-0.0,0.0,0.0,91294.14665101536,156539.83544146415,0.0,0.5832007322197136,0.0,-0.5832007322197136,0.04469966745272236,0.0019980602703839664,0.05,1.0,0.5,0.8053003549575806,0.5,0.5,8053003.5,265.8909912109375,473.1572265625,313.16363525390625,-150000000.0,0.0,0.0,52156912.0,-683898.875,-683898.875,-133144800.0,-133144800.0,231671792.0,-0.0,0.0,0.85,1.0,-1.0,1.0,True,True,True
216000.0,59,-0.6084333148264328,False,False,ok,,,True,1.0,0.0,1,0.0,1.0,0.0,0.0,35244.050980034335,60000.0,0.0,0.0,-0.0,0.0,0.0,95244.05098003434,156539.83544146415,0.0,0.6084333148264328,0.0,-0.6084333148264328,0.03837377852235346,0.001472546878082636,0.05,1.0,0.5,0.8116261959075928,0.5,0.5,8116262.0,267.9796447753906,473.1572265625,313.16363525390625,-150000000.0,0.0,0.0,58740084.0,-2958181.25,-2958181.25,-119103632.0,-119103632.0,213321728.0,-0.0,0.0,0.85,1.0,-1.0,1.0,True,True,True
219600.0,60,-0.4473651201481264,False,False,ok,,,True,1.0,0.0,1,0.0,1.0,0.0,0.0,10030.462290238549,60000.0,0.0,0.0,-0.0,0.0,0.0,70030.46229023855,156539.83544146415,0.0,0.4473651201481264,0.0,-0.4473651201481264,0.03347035207537197,0.0011202644680493566,0.05,1.0,0.5,0.8165296316146851,0.5,0.5,8165296.5,269.5986328125,473.1572265625,313.16363525390625,-150000000.0,0.0,0.0,16717437.0,-4117247.75,-4117247.75,-107312776.0,-107312776.0,244712592.0,-0.0,0.0,0.85,1.0,-1.0,1.0,True,True,True
223200.0,61,-0.42613536989620426,False,False,ok,,,True,1.0,0.0,1,0.0,1.0,0.0,0.0,6707.160679339277,60000.0,0.0,0.0,-0.0,0.0,0.0,66707.16067933927,156539.83544146415,0.0,0.42613536989620426,0.0,-0.42613536989620426,0.030352897273603574,0.0009212983729019313,0.05,1.0,0.5,0.8196470737457275,0.5,0.5,8196471.0,270.6279296875,473.1572265625,313.16363525390625,-150000000.0,0.0,0.0,11178601.0,-4226387.5,-4226387.5,-71965664.0,-71965664.0,215013456.0,-0.0,0.0,0.85,1.0,-1.0,1.0,True,True,True
226800.0,62,-0.34772813919873163,False,False,ok,,,True,1.0,0.0,1,0.0,1.0,0.0,0.0,-5566.694311464012,60000.0,0.0,0.0,-0.0,0.0,0.0,54433.30568853599,156539.83544146415,0.0,0.34772813919873163,0.0,-0.34772813919873163,0.02952546922788124,0.000871753333126562,0.05,1.0,0.5,0.8204745054244995,0.5,0.5,8204745.5,270.901123046875,473.1572265625,313.16363525390625,-150000000.0,0.0,0.0,-55666944.0,0.0,0.0,-30085904.0,-30085904.0,235752848.0,-0.0,0.0,0.85,1.0,-1.0,1.0,True,True,True
230400.0,63,-0.3407965664429794,False,False,ok,,,True,1.0,0.0,1,0.0,1.0,0.0,0.0,-6651.761569999999,60000.0,0.0,0.0,-0.0,0.0,0.0,53348.23843,156539.83544146415,0.0,0.3407965664429794,0.0,-0.3407965664429794,0.03229144134223094,0.0010427371839587416,0.05,1.0,0.5,0.8177085518836975,0.5,0.5,8177085.5,269.9878845214844,473.1572265625,313.16363525390625,-150000000.0,0.0,0.0,-66517616.0,0.0,0.0,-0.0,-0.0,216517616.0,-0.0,0.0,0.85,1.0,-1.0,1.0,True,True,True
234000.0,64,-0.339693941481651,False,False,ok,,,True,1.0,0.0,1,0.0,1.0,0.0,0.0,-6824.3663,60000.0,0.0,0.0,-0.0,0.0,0.0,53175.6337,156539.83544146415,0.0,0.339693941481651,0.0,-0.339693941481651,0.037528486125417815,0.0014083872708656774,0.05,1.0,0.5,0.8124715089797974,0.5,0.5,8124715.0,268.25872802734375,473.1572265625,313.16363525390625,-150000000.0,0.0,0.0,-68243664.0,0.0,0.0,-0.0,-0.0,218243664.0,-0.0,0.0,0.85,1.0,-1.0,1.0,True,True,True
237600.0,65,-0.33242822373771413,False,False,ok,,,True,1.0,0.0,1,0.0,1.0,0.0,0.0,-7961.740559999998,60000.0,0.0,0.0,-0.0,0.0,0.0,52038.25944,156539.83544146415,0.0,0.33242822373771413,0.0,-0.33242822373771413,0.04271132697799951,0.0018242574522215887,0.05,1.0,0.5,0.807288646697998,0.5,0.5,8072886.5,266.5474548339844,473.1572265625,313.16363525390625,-150000000.0,0.0,0.0,-79617408.0,0.0,0.0,-0.0,-0.0,229617408.0,-0.0,0.0,0.85,1.0,-1.0,1.0,True,True,True
241200.0,66,-0.32243596345719977,False,False,ok,,,True,1.0,0.0,1,0.0,1.0,0.0,0.0,-9525.92734,60000.0,0.0,0.0,-0.0,0.0,0.0,50474.07266,156539.83544146415,0.0,0.32243596345719977,0.0,-0.32243596345719977,0.04726530719905442,0.0022340092646209856,0.05,1.0,0.5,0.8027346730232239,0.5,0.5,8027347.0,265.0438537597656,473.1572265625,313.16363525390625,-150000000.0,0.0,0.0,-95259272.0,0.0,0.0,-0.0,-0.0,245259280.0,-0.0,0.0,0.85,1.0,-1.0,1.0,True,True,True
244800.0,67,-0.3428990177396212,False,False,ok,,,True,1.0,0.0,1,0.0,1.0,0.0,0.0,-6322.644190000001,60000.0,0.0,0.0,-0.0,0.0,0.0,53677.35581,156539.83544146415,0.0,0.3428990177396212,0.0,-0.3428990177396212,0.05088921344743613,0.0025897120452987145,0.05,0.0,0.5,0.7991107702255249,0.5,0.5,7991108.0,263.8473205566406,473.1572265625,313.16363525390625,-150000000.0,0.0,0.0,-63226440.0,0.0,0.0,-0.0,-0.0,213226448.0,-0.0,0.0,0.85,1.0,-1.0,1.0,True,True,True
248400.0,68,-0.3210101151459981,False,False,ok,,,True,1.0,0.0,1,0.0,1.0,0.0,0.0,-9749.1294,60000.0,0.0,0.0,-0.0,0.0,0.0,50250.8706,156539.83544146415,0.0,0.3210101151459981,0.0,-0.3210101151459981,0.05335192419861057,0.002846427815694288,0.05,0.0,0.5,0.7966480851173401,0.5,0.5,7966481.0,263.0341796875,473.1572265625,313.16363525390625,-150000000.0,0.0,0.0,-97491296.0,0.0,0.0,-0.0,-0.0,247491296.0,-0.0,0.0,0.85,1.0,-1.0,1.0,True,True,True
252000.0,69,-0.32775270879331725,False,False,ok,,,True,1.0,0.0,1,0.0,1.0,0.0,0.0,-8693.6449,60000.0,0.0,0.0,-0.0,0.0,0.0,51306.3551,156539.83544146415,0.0,0.32775270879331725,0.0,-0.32775270879331725,0.054927114640371366,0.0030169879227164983,0.05,0.0,0.5,0.7950729131698608,0.5,0.5,7950729.0,262.51409912109375,473.1572265625,313.16363525390625,-150000000.0,0.0,0.0,-86936448.0,0.0,0.0,-0.0,-0.0,236936448.0,-0.0,0.0,0.85,1.0,-1.0,1.0,True,True,True
255600.0,70,-0.35120577522619234,False,False,ok,,,True,1.0,0.0,1,0.0,1.0,0.0,0.0,-5022.305740000001,60000.0,0.0,0.0,-0.0,0.0,0.0,54977.69426,156539.83544146415,0.0,0.35120577522619234,0.0,-0.35120577522619234,0.05620911057541089,0.0031594641116787685,0.05,0.0,0.5,0.793790876865387,0.5,0.5,7937909.0,262.0908203125,473.1572265625,313.16363525390625,-150000000.0,0.0,0.0,-50223056.0,0.0,0.0,-0.0,-0.0,200223056.0,-0.0,0.0,0.85,1.0,-1.0,1.0,True,True,True
259200.0,71,-0.32417509611459805,False,False,ok,,,True,1.0,0.0,1,0.0,1.0,0.0,0.0,-9253.683799999999,60000.0,0.0,0.0,-0.0,0.0,0.0,50746.3162,156539.83544146415,0.0,0.32417509611459805,0.0,-0.32417509611459805,0.057377089146343985,0.0032921303589075047,0.05,0.0,0.5,0.7926229238510132,0.5,0.5,7926229.0,261.7051696777344,473.1572265625,313.16363525390625,-150000000.0,0.0,0.0,-92536840.0,0.0,0.0,-0.0,-0.0,242536832.0,-0.0,0.0,0.85,1.0,-1.0,1.0,True,True,True
262800.0,72,-0.3291311691666239,False,False,ok,,,True,1.0,0.0,1,0.0,1.0,0.0,0.0,-8477.86094,60000.0,0.0,0.0,-0.0,0.0,0.0,51522.13906,156539.83544146415,0.0,0.3291311691666239,0.0,-0.3291311691666239,0.05831779748804955,0.0034009655038571584,0.05,0.0,0.5,0.7916821837425232,0.5,0.5,7916822.0,261.3945617675781,473.1572265625,313.16363525390625,-150000000.0,0.0,0.0,-84778608.0,0.0,0.0,-0.0,-0.0,234778608.0,-0.0,0.0,0.85,1.0,-1.0,1.0,True,True,True
266400.0,73,-0.33338376294329825,False,False,ok,,,True,1.0,0.0,1,0.0,1.0,0.0,0.0,-7812.160609999999,60000.0,0.0,0.0,-0.0,0.0,0.0,52187.83939,156539.83544146415,0.0,0.33338376294329825,0.0,-0.33338376294329825,0.05906278716789959,0.003488412828040604,0.05,0.0,0.5,0.7909371852874756,0.5,0.5,7909372.0,261.1485900878906,473.1572265625,313.16363525390625,-150000000.0,0.0,0.0,-78121608.0,0.0,0.0,-0.0,-0.0,228121600.0,-0.0,0.0,0.85,1.0,-1.0,1.0,True,True,True
270000.0,74,-0.3405613611363163,False,False,ok,,,True,1.0,0.0,1,0.0,1.0,0.0,0.0,-6688.580569999999,60000.0,0.0,0.0,-0.0,0.0,0.0,53311.41943,156539.83544146415,0.0,0.3405613611363163,0.0,-0.3405613611363163,0.05972212577111702,0.0035667323066211195,0.05,0.0,0.5,0.790277898311615,0.5,0.5,7902778.5,260.930908203125,473.1572265625,313.16363525390625,-150000000.0,0.0,0.0,-66885804.0,0.0,0.0,-0.0,-0.0,216885808.0,-0.0,0.0,0.85,1.0,-1.0,1.0,True,True,True
273600.0,75,-0.34071840633781836,False,False,ok,,,True,1.0,0.0,1,0.0,1.0,0.0,0.0,-6663.9967400000005,60000.0,0.0,0.0,-0.0,0.0,0.0,53336.00326,156539.83544146415,0.0,0.34071840633781836,0.0,-0.34071840633781836,0.06028745632994792,0.0036345773907353776,0.05,0.0,0.5,0.7897125482559204,0.5,0.5,7897125.5,260.7442321777344,473.1572265625,313.16363525390625,-150000000.0,0.0,0.0,-66639968.0,0.0,0.0,-0.0,-0.0,216639968.0,-0.0,0.0,0.85,1.0,-1.0,1.0,True,True,True
277200.0,76,-0.3488785196814768,False,False,ok,,,True,1.0,0.0,1,0.0,1.0,0.0,0.0,-5386.613940000001,60000.0,0.0,0.0,-0.0,0.0,0.0,54613.38606,156539.83544146415,0.0,0.3488785196814768,0.0,-0.3488785196814768,0.060701756920650385,0.003684703293253727,0.05,0.0,0.5,0.7892982363700867,0.5,0.5,7892982.5,260.6074523925781,473.1572265625,313.16363525390625,-150000000.0,0.0,0.0,-53866140.0,0.0,0.0,-0.0,-0.0,203866144.0,-0.0,0.0,0.85,1.0,-1.0,1.0,True,True,True
280800.0,77,-0.33670979141733925,False,False,ok,,,True,1.0,0.0,1,0.0,1.0,0.0,0.0,-7291.504659999999,60000.0,0.0,0.0,-0.0,0.0,0.0,52708.49534,156539.83544146415,0.0,0.33670979141733925,0.0,-0.33670979141733925,0.061022483987546505,0.0037237435520103696,0.05,0.0,0.5,0.7889775037765503,0.5,0.5,7889775.0,260.5015563964844,473.1572265625,313.16363525390625,-150000000.0,0.0,0.0,-72915048.0,0.0,0.0,-0.0,-0.0,222915040.0,-0.0,0.0,0.85,1.0,-1.0,1.0,True,True,True
284400.0,78,-0.3394017168779432,False,False,ok,,,True,1.0,0.0,1,0.0,1.0,0.0,0.0,-6870.111091376373,60000.0,0.0,0.0,-0.0,0.0,0.0,53129.88890862363,156539.83544146415,0.0,0.3394017168779432,0.0,-0.3394017168779432,0.06130336342537668,0.003758102367263811,0.05,0.0,0.5,0.7886966466903687,0.5,0.5,7886966.5,260.4088134765625,473.1572265625,313.16363525390625,-150000000.0,0.0,0.0,-68701112.0,0.0,0.0,-14158392.0,-14158392.0,232859504.0,-0.0,0.0,0.85,1.0,-1.0,1.0,True,True,True
288000.0,79,-0.37279832002040164,False,False,ok,,,True,1.0,0.0,1,0.0,1.0,0.0,0.0,-1642.2123311520309,60000.0,0.0,0.0,-0.0,0.0,0.0,58357.78766884797,156539.83544146415,0.0,0.37279832002040164,0.0,-0.37279832002040164,0.060434183242075945,0.003652290504136813,0.05,0.0,0.5,0.7895658016204834,0.5,0.5,7895658.0,260.69580078125,473.1572265625,313.16363525390625,-150000000.0,0.0,0.0,-16422123.0,0.0,0.0,-62175568.0,-62175568.0,228597696.0,-0.0,0.0,0.85,1.0,-1.0,1.0,True,True,True
291600.0,80,-0.498634729011071,False,False,ok,,,True,1.0,0.0,1,0.0,1.0,0.0,0.0,18056.19842479212,60000.0,0.0,0.0,-0.0,0.0,0.0,78056.19842479212,156539.83544146415,0.0,0.498634729011071,0.0,-0.498634729011071,0.05724821138975977,0.0032773577073266207,0.05,0.0,0.5,0.7927517890930176,0.5,0.5,7927518.0,261.7477111816406,473.1572265625,313.16363525390625,-150000000.0,0.0,0.0,30093664.0,0.0,0.0,-100199096.0,-100199096.0,220105440.0,-0.0,0.0,0.85,1.0,-1.0,1.0,True,True,True
295200.0,81,-0.4847572409821965,False,False,ok,,,True,1.0,0.0,1,0.0,1.0,0.0,0.0,15883.818732411217,60000.0,0.0,0.0,-0.0,0.0,0.0,75883.81873241122,156539.83544146415,0.0,0.4847572409821965,0.0,-0.4847572409821965,0.05214386490151701,0.0027189826468676575,0.05,0.0,0.5,0.7978561520576477,0.5,0.5,7978561.5,263.43304443359375,473.1572265625,313.16363525390625,-150000000.0,0.0,0.0,26473032.0,0.0,0.0,-123208088.0,-123208088.0,246735056.0,-0.0,0.0,0.85,1.0,-1.0,1.0,True,True,True
298800.0,82,-0.6357076733585694,False,False,ok,,,True,1.0,0.0,1,0.0,1.0,0.0,0.0,39513.574576426494,60000.0,0.0,0.0,-0.0,0.0,0.0,99513.5745764265,156539.83544146415,0.0,0.6357076733585694,0.0,-0.6357076733585694,0.046387208542019054,0.0021517731163207656,0.05,1.0,0.5,0.8036127686500549,0.5,0.5,8036128.0,265.3337707519531,473.1572265625,313.16363525390625,-150000000.0,0.0,0.0,65855956.0,0.0,0.0,-133882672.0,-133882672.0,218026704.0,-0.0,0.0,0.85,1.0,-1.0,1.0,True,True,True
302400.0,83,-0.49916134250522143,False,False,ok,,,True,1.0,0.0,1,0.0,1.0,0.0,0.0,18138.63441450769,60000.0,0.0,0.0,-0.0,0.0,0.0,78138.63441450769,156539.83544146415,0.0,0.49916134250522143,0.0,-0.49916134250522143,0.040883819282240164,0.0016714866791028727,0.05,1.0,0.5,0.8091161847114563,0.5,0.5,8091162.0,267.1508483886719,473.1572265625,313.16363525390625,-150000000.0,0.0,0.0,30231058.0,0.0,0.0,-127616760.0,-127616760.0,247385696.0,-0.0,0.0,0.85,1.0,-1.0,1.0,True,True,True
306000.0,84,-0.5901474365536395,False,False,ok,,,True,1.0,0.0,1,0.0,1.0,0.0,0.0,32381.58260430864,60000.0,0.0,0.0,-0.0,0.0,0.0,92381.58260430864,156539.83544146415,0.0,0.5901474365536395,0.0,-0.5901474365536395,0.03577838145586498,0.0012800925796013832,0.05,1.0,0.5,0.8142216205596924,0.5,0.5,8142216.0,268.8365173339844,473.1572265625,313.16363525390625,-150000000.0,0.0,0.0,53969304.0,0.0,0.0,-105475480.0,-105475480.0,201506176.0,-0.0,0.0,0.85,1.0,-1.0,1.0,True,True,True
309600.0,85,-0.382698000410277,False,False,ok,,,True,1.0,0.0,1,0.0,1.0,0.0,0.0,-92.5179919978559,60000.0,0.0,0.0,-0.0,0.0,0.0,59907.482008002145,156539.83544146415,0.0,0.382698000410277,0.0,-0.382698000410277,0.03146861751274821,0.0009902738881636434,0.05,1.0,0.5,0.8185313940048218,0.5,0.5,8185314.0,270.259521484375,473.1572265625,313.16363525390625,-150000000.0,0.0,0.0,-925179.9375,0.0,0.0,-71129656.0,-71129656.0,222054832.0,-0.0,0.0,0.85,1.0,-1.0,1.0,True,True,True
313200.0,86,-0.34815195105047125,False,False,ok,,,True,1.0,0.0,1,0.0,1.0,0.0,0.0,-5500.350873934549,60000.0,0.0,0.0,-0.0,0.0,0.0,54499.64912606545,156539.83544146415,0.0,0.34815195105047125,0.0,-0.34815195105047125,0.029088333067304295,0.0008461311206344285,0.05,1.0,0.5,0.8209116458892822,0.5,0.5,8209116.5,271.04541015625,473.1572265625,313.16363525390625,-150000000.0,0.0,0.0,-55003508.0,0.0,0.0,-30031948.0,-30031948.0,235035456.0,-0.0,0.0,0.85,1.0,-1.0,1.0,True,True,True
316800.0,87,-0.32889414873092865,False,False,ok,,,True,1.0,0.0,1,0.0,1.0,0.0,0.0,-8514.96408,60000.0,0.0,0.0,-0.0,0.0,0.0,51485.03592,156539.83544146415,0.0,0.32889414873092865,0.0,-0.32889414873092865,0.029912646944213583,0.0008947664472091703,0.05,1.0,0.5,0.8200873732566833,0.5,0.5,8200873.5,270.77325439453125,473.1572265625,313.16363525390625,-150000000.0,0.0,0.0,-85149640.0,0.0,0.0,-0.0,-0.0,235149648.0,-0.0,0.0,0.85,1.0,-1.0,1.0,True,True,True
320400.0,88,-0.3350531644682393,False,False,ok,,,True,1.0,0.0,1,0.0,1.0,0.0,0.0,-7550.832769999999,60000.0,0.0,0.0,-0.0,0.0,0.0,52449.16723,156539.83544146415,0.0,0.3350531644682393,0.0,-0.3350531644682393,0.03279834796407388,0.0010757316291724692,0.05,1.0,0.5,0.8172016739845276,0.5,0.5,8172016.5,269.8204650878906,473.1572265625,313.16363525390625,-150000000.0,0.0,0.0,-75508328.0,0.0,0.0,-0.0,-0.0,225508320.0,-0.0,0.0,0.85,1.0,-1.0,1.0,True,True,True
324000.0,89,-0.33179273776240664,False,False,ok,,,True,1.0,0.0,1,0.0,1.0,0.0,0.0,-8061.219430000001,60000.0,0.0,0.0,-0.0,0.0,0.0,51938.78057,156539.83544146415,0.0,0.33179273776240664,0.0,-0.33179273776240664,0.03599202802084289,0.00129542608105314,0.05,1.0,0.5,0.8140079975128174,0.5,0.5,8140079.5,268.7659912109375,473.1572265625,313.16363525390625,-150000000.0,0.0,0.0,-80612192.0,0.0,0.0,-0.0,-0.0,230612192.0,-0.0,0.0,0.85,1.0,-1.0,1.0,True,True,True
327600.0,90,-0.32750868260092814,False,False,ok,,,True,1.0,0.0,1,0.0,1.0,0.0,0.0,-8731.844719999997,60000.0,0.0,0.0,-0.0,0.0,0.0,51268.155280000006,156539.83544146415,0.0,0.32750868260092814,0.0,-0.32750868260092814,0.03954840305953378,0.0015640761845593406,0.05,1.0,0.5,0.8104515671730042,0.5,0.5,8104516.0,267.59173583984375,473.1572265625,313.16363525390625,-150000000.0,0.0,0.0,-87318448.0,0.0,0.0,-0.0,-0.0,237318448.0,-0.0,0.0,0.85,1.0,-1.0,1.0,True,True,True
331200.0,91,-0.32574981190055,False,False,ok,,,True,1.0,0.0,1,0.0,1.0,0.0,0.0,-9007.17805,60000.0,0.0,0.0,-0.0,0.0,0.0,50992.82195,156539.83544146415,0.0,0.32574981190055,0.0,-0.32574981190055,0.043443881960564035,0.001887370879803421,0.05,1.0,0.5,0.8065561056137085,0.5,0.5,8065561.0,266.3055419921875,473.1572265625,313.16363525390625,-150000000.0,0.0,0.0,-90071784.0,0.0,0.0,-0.0,-0.0,240071776.0,-0.0,0.0,0.85,1.0,-1.0,1.0,True,True,True
334800.0,92,-0.3405930187650983,False,False,ok,,,True,1.0,0.0,1,0.0,1.0,0.0,0.0,-6683.624890000001,60000.0,0.0,0.0,-0.0,0.0,0.0,53316.37511,156539.83544146415,0.0,0.3405930187650983,0.0,-0.3405930187650983,0.04722963985598039,0.002230638880925611,0.05,1.0,0.5,0.8027703762054443,0.5,0.5,8027703.5,265.0555725097656,473.1572265625,313.16363525390625,-150000000.0,0.0,0.0,-66836248.0,0.0,0.0,-0.0,-0.0,216836256.0,-0.0,0.0,0.85,1.0,-1.0,1.0,True,True,True
338400.0,93,-0.33333071306001083,False,False,ok,,,True,1.0,0.0,1,0.0,1.0,0.0,0.0,-7820.46503,60000.0,0.0,0.0,-0.0,0.0,0.0,52179.53497,156539.83544146415,0.0,0.33333071306001083,0.0,-0.33333071306001083,0.05055596040345356,0.002555905132315564,0.05,0.0,0.5,0.7994440197944641,0.5,0.5,7994440.5,263.9573059082031,473.1572265625,313.16363525390625,-150000000.0,0.0,0.0,-78204648.0,0.0,0.0,-0.0,-0.0,228204656.0,-0.0,0.0,0.85,1.0,-1.0,1.0,True,True,True
342000.0,94,-0.32403042654894954,False,False,ok,,,True,1.0,0.0,1,0.0,1.0,0.0,0.0,-9276.33035,60000.0,0.0,0.0,-0.0,0.0,0.0,50723.669649999996,156539.83544146415,0.0,0.32403042654894954,0.0,-0.32403042654894954,0.053430588406765955,0.0028548277774932324,0.05,0.0,0.5,0.7965694069862366,0.5,0.5,7965694.0,263.0081787109375,473.1572265625,313.16363525390625,-150000000.0,0.0,0.0,-92763304.0,0.0,0.0,-0.0,-0.0,242763296.0,-0.0,0.0,0.85,1.0,-1.0,1.0,True,True,True
345600.0,95,-0.3325300990204818,False,False,ok,,,True,1.0,0.0,1,0.0,1.0,0.0,0.0,-7945.793019999998,60000.0,0.0,0.0,-0.0,0.0,0.0,52054.20698,156539.83544146415,0.0,0.3325300990204818,0.0,-0.3325300990204818,0.05589838254027368,0.0031246291706187737,0.05,0.0,0.5,0.7941015958786011,0.5,0.5,7941016.0,262.193359375,473.1572265625,313.16363525390625,-150000000.0,0.0,0.0,-79457928.0,0.0,0.0,-0.0,-0.0,229457936.0,-0.0,0.0,0.85,1.0,-1.0,1.0,True,True,True
349200.0,96,-0.3351146618498665,False,False,ok,,,True,1.0,0.0,1,0.0,1.0,0.0,0.0,-7541.205980000001,60000.0,0.0,0.0,-0.0,0.0,0.0,52458.79402,156539.83544146415,0.0,0.3351146618498665,0.0,-0.3351146618498665,0.057912999703249146,0.0033539155346285357,0.05,0.0,0.5,0.7920870184898376,0.5,0.5,7920870.0,261.5281982421875,473.1572265625,313.16363525390625,-150000000.0,0.0,0.0,-75412056.0,0.0,0.0,-0.0,-0.0,225412064.0,-0.0,0.0,0.85,1.0,-1.0,1.0,True,True,True
352800.0,97,-0.3240890560343717,False,False,ok,,,True,1.0,0.0,1,0.0,1.0,0.0,0.0,-9267.1525,60000.0,0.0,0.0,-0.0,0.0,0.0,50732.8475,156539.83544146415,0.0,0.3240890560343717,0.0,-0.3240890560343717,0.059422210572871226,0.003530999109366649,0.05,0.0,0.5,0.79057776927948,0.5,0.5,7905778.0,261.0298767089844,473.1572265625,313.16363525390625,-150000000.0,0.0,0.0,-92671528.0,0.0,0.0,-0.0,-0.0,242671520.0,-0.0,0.0,0.85,1.0,-1.0,1.0,True,True,True
356400.0,98,-0.3295072346571361,False,False,ok,,,True,1.0,0.0,1,0.0,1.0,0.0,0.0,-8418.991709999998,60000.0,0.0,0.0,-0.0,0.0,0.0,51581.00829,156539.83544146415,0.0,0.3295072346571361,0.0,-0.3295072346571361,0.06044726577626314,0.0036538719398261925,0.05,0.0,0.5,0.7895527482032776,0.5,0.5,7895527.5,260.6914367675781,473.1572265625,313.16363525390625,-150000000.0,0.0,0.0,-84189920.0,0.0,0.0,-0.0,-0.0,234189920.0,-0.0,0.0,0.85,1.0,-1.0,1.0,True,True,True
360000.0,99,-0.3479517438254089,False,False,ok,,,True,1.0,0.0,1,0.0,1.0,0.0,0.0,-5531.691280000001,60000.0,0.0,0.0,-0.0,0.0,0.0,54468.30872,156539.83544146415,0.0,0.3479517438254089,0.0,-0.3479517438254089,0.06113679221091828,0.003737707361840998,0.05,0.0,0.5,0.7888631820678711,0.5,0.5,7888632.0,260.4637756347656,473.1572265625,313.16363525390625,-150000000.0,0.0,0.0,-55316912.0,0.0,0.0,-0.0,-0.0,205316912.0,-0.0,0.0,0.85,1.0,-1.0,1.0,True,True,True
363600.0,100,-0.33531538922326243,False,False,ok,,,True,1.0,0.0,1,0.0,1.0,0.0,0.0,-7509.7841499999995,60000.0,0.0,0.0,-0.0,0.0,0.0,52490.21585,156539.83544146415,0.0,0.33531538922326243,0.0,-0.33531538922326243,0.06140281877049647,0.0037703061529624337,0.05,0.0,0.5,0.7885971665382385,0.5,0.5,7885972.0,260.3759460449219,473.1572265625,313.16363525390625,-150000000.0,0.0,0.0,-75097840.0,0.0,0.0,-0.0,-0.0,225097840.0,-0.0,0.0,0.85,1.0,-1.0,1.0,True,True,True
367200.0,101,-0.3507360699285431,False,False,ok,,,True,1.0,0.0,1,0.0,1.0,0.0,0.0,-5095.83333,60000.0,0.0,0.0,-0.0,0.0,0.0,54904.16667,156539.83544146415,0.0,0.3507360699285431,0.0,-0.3507360699285431,0.06112690527614828,0.0037364985486392044,0.05,0.0,0.5,0.7888730764389038,0.5,0.5,7888731.0,260.467041015625,473.1572265625,313.16363525390625,-150000000.0,0.0,0.0,-50958332.0,0.0,0.0,-0.0,-0.0,200958336.0,-0.0,0.0,0.85,1.0,-1.0,1.0,True,True,True
370800.0,102,-0.34462470182843236,False,False,ok,,,True,1.0,0.0,1,0.0,1.0,0.0,0.0,-6052.505886713552,60000.0,0.0,0.0,-0.0,0.0,0.0,53947.49411328645,156539.83544146415,0.0,0.34462470182843236,0.0,-0.34462470182843236,0.06023769305162752,0.003628579664182094,0.05,0.0,0.5,0.7897623181343079,0.5,0.5,7897623.0,260.7606201171875,473.1572265625,313.16363525390625,-150000000.0,0.0,0.0,-60525060.0,0.0,0.0,-11605410.0,-11605410.0,222130464.0,-0.0,0.0,0.85,1.0,-1.0,1.0,True,True,True
374400.0,103,-0.3604706727377077,False,False,ok,,,True,1.0,0.0,1,0.0,1.0,0.0,0.0,-3571.980208165354,60000.0,0.0,0.0,-0.0,0.0,0.0,56428.019791834646,156539.83544146415,0.0,0.3604706727377077,0.0,-0.3604706727377077,0.05788032838003365,0.003350132413380529,0.05,0.0,0.5,0.7921196818351746,0.5,0.5,7921196.5,261.5389709472656,473.1572265625,313.16363525390625,-150000000.0,0.0,0.0,-35719804.0,0.0,0.0,-59638968.0,-59638968.0,245358768.0,-0.0,0.0,0.85,1.0,-1.0,1.0,True,True,True
378000.0,104,-0.5583909787533611,False,False,ok,,,True,1.0,0.0,1,0.0,1.0,0.0,0.0,27410.431926049252,60000.0,0.0,0.0,-0.0,0.0,0.0,87410.43192604925,156539.83544146415,0.0,0.5583909787533611,0.0,-0.5583909787533611,0.05347236248446219,0.002859293549669719,0.05,0.0,0.5,0.796527624130249,0.5,0.5,7965276.5,262.994384765625,473.1572265625,313.16363525390625,-150000000.0,0.0,0.0,45684052.0,0.0,0.0,-97917536.0,-97917536.0,202233488.0,-0.0,0.0,0.85,1.0,-1.0,1.0,True,True,True
381600.0,105,-0.4807040417998317,False,False,ok,,,True,1.0,0.0,1,0.0,1.0,0.0,0.0,15249.331599392366,60000.0,0.0,0.0,-0.0,0.0,0.0,75249.33159939236,156539.83544146415,0.0,0.4807040417998317,0.0,-0.4807040417998317,0.04759798544994398,0.002265568218893079,0.05,1.0,0.5,0.8024020195007324,0.5,0.5,8024020.0,264.9339599609375,473.1572265625,313.16363525390625,-150000000.0,0.0,0.0,25415552.0,0.0,0.0,-122675096.0,-122675096.0,247259536.0,-0.0,0.0,0.85,1.0,-1.0,1.0,True,True,True
385200.0,106,-0.6632089589069076,False,False,ok,,,True,1.0,0.0,1,0.0,1.0,0.0,0.0,43818.62129059207,60000.0,0.0,0.0,-0.0,0.0,0.0,103818.62129059207,156539.83544146415,0.0,0.6632089589069076,0.0,-0.6632089589069076,0.04142718906021492,0.0017162119934307908,0.05,1.0,0.5,0.8085728287696838,0.5,0.5,8085728.0,266.9714050292969,473.1572265625,313.16363525390625,-150000000.0,0.0,0.0,73031032.0,0.0,0.0,-132050056.0,-132050056.0,209019024.0,-0.0,0.0,0.85,1.0,-1.0,1.0,True,True,True
388800.0,107,-0.5993614355963988,False,False,ok,,,True,1.0,0.0,1,0.0,1.0,0.0,0.0,33823.940498219985,60000.0,0.0,0.0,-0.0,0.0,0.0,93823.94049821998,156539.83544146415,0.0,0.5993614355963988,0.0,-0.5993614355963988,0.03560392863154338,0.0012676397340000345,0.05,1.0,0.5,0.81439608335495,0.5,0.5,8143960.5,268.89410400390625,473.1572265625,313.16363525390625,-150000000.0,0.0,0.0,56373236.0,0.0,0.0,-124868640.0,-124868640.0,218495408.0,-0.0,0.0,0.85,1.0,-1.0,1.0,True,True,True
392400.0,108,-0.5465998030185257,False,False,ok,,,True,1.0,0.0,1,0.0,1.0,0.0,0.0,25564.643216856737,60000.0,0.0,0.0,-0.0,0.0,0.0,85564.64321685674,156539.83544146415,0.0,0.5465998030185257,0.0,-0.5465998030185257,0.030249551992574175,0.0009150353957514482,0.05,1.0,0.5,0.8197504281997681,0.5,0.5,8197504.5,270.6619873046875,473.1572265625,313.16363525390625,-150000000.0,0.0,0.0,42607740.0,0.0,-0.0,-102869696.0,-102869696.0,210261952.0,-0.0,0.0,0.85,1.0,-1.0,1.0,True,True,True
396000.0,109,-0.44365053463060583,False,False,ok,,,True,1.0,0.0,1,0.0,1.0,0.0,0.0,9448.981684592629,60000.0,0.0,0.0,-0.0,0.0,0.0,69448.98168459263,156539.83544146415,0.0,0.44365053463060583,0.0,-0.44365053463060583,0.02602994023008076,0.0006775577883815769,0.05,1.0,0.5,0.8239700794219971,0.5,0.5,8239700.5,272.05517578125,473.1572265625,313.16363525390625,-150000000.0,0.0,0.0,15748303.0,0.0,0.0,-70527592.0,-70527592.0,204779296.0,-0.0,0.0,0.85,1.0,-1.0,1.0,True,True,True
399600.0,110,-0.3564122090258574,False,False,ok,,,True,1.0,0.0,1,0.0,1.0,0.0,0.0,-4207.29144976356,60000.0,0.0,0.0,-0.0,0.0,0.0,55792.70855023644,156539.83544146415,0.0,0.3564122090258574,0.0,-0.3564122090258574,0.0239100695640041,0.0005716914265555152,0.05,1.0,0.5,0.8260899186134338,0.5,0.5,8260899.5,272.755126953125,473.1572265625,313.16363525390625,-150000000.0,0.0,0.0,-42072916.0,0.0,0.0,-29564132.0,-29564132.0,221637040.0,-0.0,0.0,0.85,1.0,-1.0,1.0,True,True,True
403200.0,111,-0.34248276254287696,False,False,ok,,,True,1.0,0.0,1,0.0,1.0,0.0,0.0,-6387.8047099999985,60000.0,0.0,0.0,-0.0,0.0,0.0,53612.19529,156539.83544146415,0.0,0.34248276254287696,0.0,-0.34248276254287696,0.02452935364645248,0.0006016891903127315,0.05,1.0,0.5,0.8254706263542175,0.5,0.5,8254706.5,272.5506286621094,473.1572265625,313.16363525390625,-150000000.0,0.0,0.0,-63878048.0,0.0,0.0,-0.0,-0.0,213878048.0,-0.0,0.0,0.85,1.0,-1.0,1.0,True,True,True
406800.0,112,-0.3481267806134746,False,False,ok,,,True,1.0,0.0,1,0.0,1.0,0.0,0.0,-5504.29105,60000.0,0.0,0.0,-0.0,0.0,0.0,54495.70895,156539.83544146415,0.0,0.3481267806134746,0.0,-0.3481267806134746,0.02712426816884539,0.0007357259236954392,0.05,1.0,0.5,0.8228757381439209,0.5,0.5,8228757.5,271.69384765625,473.1572265625,313.16363525390625,-150000000.0,0.0,0.0,-55042912.0,0.0,0.0,-0.0,-0.0,205042912.0,-0.0,0.0,0.85,1.0,-1.0,1.0,True,True,True
410400.0,113,-0.3354123733548554,False,False,ok,,,True,1.0,0.0,1,0.0,1.0,0.0,0.0,-7494.6022699999985,60000.0,0.0,0.0,-0.0,0.0,0.0,52505.397730000004,156539.83544146415,0.0,0.3354123733548554,0.0,-0.3354123733548554,0.030457634408080247,0.0009276674937362738,0.05,1.0,0.5,0.8195423483848572,0.5,0.5,8195423.5,270.59326171875,473.1572265625,313.16363525390625,-150000000.0,0.0,0.0,-74946024.0,0.0,0.0,-0.0,-0.0,224946016.0,-0.0,0.0,0.85,1.0,-1.0,1.0,True,True,True
414000.0,114,-0.3437133396637532,False,False,ok,,,True,1.0,0.0,1,0.0,1.0,0.0,0.0,-6195.170369999999,60000.0,0.0,0.0,-0.0,0.0,0.0,53804.82963,156539.83544146415,0.0,0.3437133396637532,0.0,-0.3437133396637532,0.033953807872393105,0.001152861069035384,0.05,1.0,0.5,0.8160461783409119,0.5,0.5,8160462.0,269.43890380859375,473.1572265625,313.16363525390625,-150000000.0,0.0,0.0,-61951704.0,0.0,0.0,-0.0,-0.0,211951696.0,-0.0,0.0,0.85,1.0,-1.0,1.0,True,True,True
417600.0,115,-0.34018173834041643,False,False,ok,,,True,1.0,0.0,1,0.0,1.0,0.0,0.0,-6748.006659999999,60000.0,0.0,0.0,-0.0,0.0,0.0,53251.99334,156539.83544146415,0.0,0.34018173834041643,0.0,-0.34018173834041643,0.037231625372225796,0.0013861939278577676,0.05,1.0,0.5,0.8127683997154236,0.5,0.5,8127683.5,268.3566589355469,473.1572265625,313.16363525390625,-150000000.0,0.0,0.0,-67480064.0,0.0,0.0,-0.0,-0.0,217480064.0,-0.0,0.0,0.85,1.0,-1.0,1.0,True,True,True
421200.0,116,-0.33351695051144153,False,False,ok,,,True,1.0,0.0,1,0.0,1.0,0.0,0.0,-7791.311449999999,60000.0,0.0,0.0,-0.0,0.0,0.0,52208.68855,156539.83544146415,0.0,0.33351695051144153,0.0,-0.33351695051144153,0.03995714604459111,0.0015965735200287828,0.05,1.0,0.5,0.8100428581237793,0.5,0.5,8100428.5,267.4567565917969,473.1572265625,313.16363525390625,-150000000.0,0.0,0.0,-77913112.0,0.0,0.0,-0.0,-0.0,227913120.0,-0.0,0.0,0.85,1.0,-1.0,1.0,True,True,True
424800.0,117,-0.3338425985476506,False,False,ok,,,True,1.0,0.0,1,0.0,1.0,0.0,0.0,-7740.334559999998,60000.0,0.0,0.0,-0.0,0.0,0.0,52259.665440000004,156539.83544146415,0.0,0.3338425985476506,0.0,-0.3338425985476506,0.04188632740996179,0.0017544644238945161,0.05,1.0,0.5,0.808113694190979,0.5,0.5,8081136.5,266.81976318359375,473.1572265625,313.16363525390625,-150000000.0,0.0,0.0,-77403344.0,0.0,0.0,-0.0,-0.0,227403344.0,-0.0,0.0,0.85,1.0,-1.0,1.0,True,True,True
428400.0,118,-0.3378924616908699,False,False,ok,,,True,1.0,0.0,1,0.0,1.0,0.0,0.0,-7106.36965,60000.0,0.0,0.0,-0.0,0.0,0.0,52893.63035,156539.83544146415,0.0,0.3378924616908699,0.0,-0.3378924616908699,0.04326680571431485,0.001872016476720268,0.05,1.0,0.5,0.8067331910133362,0.5,0.5,8067332.0,266.3639831542969,473.1572265625,313.16363525390625,-150000000.0,0.0,0.0,-71063696.0,0.0,0.0,-0.0,-0.0,221063696.0,-0.0,0.0,0.85,1.0,-1.0,1.0,True,True,True
432000.0,119,-0.33903511857111734,False,False,ok,,,True,1.0,0.0,1,0.0,1.0,0.0,0.0,-6927.49833,60000.0,0.0,0.0,-0.0,0.0,0.0,53072.50167,156539.83544146415,0.0,0.33903511857111734,0.0,-0.33903511857111734,0.044876481375205945,0.002013898580619206,0.05,1.0,0.5,0.805123507976532,0.5,0.5,8051235.0,265.8324890136719,473.1572265625,313.16363525390625,-150000000.0,0.0,0.0,-69274984.0,0.0,0.0,-0.0,-0.0,219274976.0,-0.0,0.0,0.85,1.0,-1.0,1.0,True,True,True
435600.0,120,-0.33918958040462965,False,False,ok,,,True,1.0,0.0,1,0.0,1.0,0.0,0.0,-6903.318899999999,60000.0,0.0,0.0,-0.0,0.0,0.0,53096.6811,156539.83544146415,0.0,0.33918958040462965,0.0,-0.33918958040462965,0.04698450953995603,0.002207544136710219,0.05,1.0,0.5,0.8030154705047607,0.5,0.5,8030155.0,265.136474609375,473.1572265625,313.16363525390625,-150000000.0,0.0,0.0,-69033192.0,0.0,0.0,-0.0,-0.0,219033184.0,-0.0,0.0,0.85,1.0,-1.0,1.0,True,True,True
439200.0,121,-0.34238159276743074,False,False,ok,,,True,1.0,0.0,1,0.0,1.0,0.0,0.0,-6403.641809999999,60000.0,0.0,0.0,-0.0,0.0,0.0,53596.35819,156539.83544146415,0.0,0.34238159276743074,0.0,-0.34238159276743074,0.049208988260764364,0.002421524525648045,0.05,1.0,0.5,0.8007910251617432,0.5,0.5,8007910.0,264.4020080566406,473.1572265625,313.16363525390625,-150000000.0,0.0,0.0,-64036420.0,0.0,0.0,-0.0,-0.0,214036416.0,-0.0,0.0,0.85,1.0,-1.0,1.0,True,True,True
442800.0,122,-0.3456017308784644,False,False,ok,,,True,1.0,0.0,1,0.0,1.0,0.0,0.0,-5899.561919999999,60000.0,0.0,0.0,-0.0,0.0,0.0,54100.43808,156539.83544146415,0.0,0.3456017308784644,0.0,-0.3456017308784644,0.051317952761453456,0.0026335322756267684,0.05,0.0,0.5,0.7986820340156555,0.5,0.5,7986820.5,263.7056884765625,473.1572265625,313.16363525390625,-150000000.0,0.0,0.0,-58995620.0,0.0,0.0,-0.0,-0.0,208995616.0,-0.0,0.0,0.85,1.0,-1.0,1.0,True,True,True
446400.0,123,-0.34728272025256146,False,False,ok,,,True,1.0,0.0,1,0.0,1.0,0.0,0.0,-5636.420119999999,60000.0,0.0,0.0,-0.0,0.0,0.0,54363.579880000005,156539.83544146415,0.0,0.34728272025256146,0.0,-0.34728272025256146,0.0530700314692808,0.0028164282401504544,0.05,0.0,0.5,0.7969299554824829,0.5,0.5,7969299.5,263.1271667480469,473.1572265625,313.16363525390625,-150000000.0,0.0,0.0,-56364200.0,0.0,0.0,-0.0,-0.0,206364208.0,-0.0,0.0,0.85,1.0,-1.0,1.0,True,True,True
450000.0,124,-0.35084711009893155,False,False,ok,,,True,1.0,0.0,1,0.0,1.0,0.0,0.0,-5078.451119999999,60000.0,0.0,0.0,-0.0,0.0,0.0,54921.54888,156539.83544146415,0.0,0.35084711009893155,0.0,-0.35084711009893155,0.05408021942843211,0.002924670133427366,0.05,0.0,0.5,0.7959197759628296,0.5,0.5,7959198.0,262.79364013671875,473.1572265625,313.16363525390625,-150000000.0,0.0,0.0,-50784512.0,0.0,0.0,-0.0,-0.0,200784512.0,-0.0,0.0,0.85,1.0,-1.0,1.0,True,True,True
453600.0,125,-0.3272940718604399,False,False,ok,,,True,1.0,0.0,1,0.0,1.0,0.0,0.0,-8765.439849999999,60000.0,0.0,0.0,-0.0,0.0,0.0,51234.560150000005,156539.83544146415,0.0,0.3272940718604399,0.0,-0.3272940718604399,0.05401106385938914,0.0029171950192230117,0.05,0.0,0.5,0.795988917350769,0.5,0.5,7959889.5,262.81646728515625,473.1572265625,313.16363525390625,-150000000.0,0.0,0.0,-87654400.0,0.0,0.0,-0.0,-0.0,237654400.0,-0.0,0.0,0.85,1.0,-1.0,1.0,True,True,True
457200.0,126,-0.34259136565259124,False,False,ok,,,True,1.0,0.0,1,0.0,1.0,0.0,0.0,-6370.803997076892,60000.0,0.0,0.0,-0.0,0.0,0.0,53629.196002923105,156539.83544146415,0.0,0.34259136565259124,0.0,-0.34259136565259124,0.052869047068087704,0.002795136137887673,0.05,0.0,0.5,0.7971309423446655,0.5,0.5,7971309.5,263.19354248046875,473.1572265625,313.16363525390625,-150000000.0,0.0,0.0,-63708040.0,0.0,-0.0,-11539719.0,-11539719.0,225247760.0,-0.0,0.0,0.85,1.0,-1.0,1.0,True,True,True
460800.0,127,-0.3608540146998074,False,False,ok,,,True,1.0,0.0,1,0.0,1.0,0.0,0.0,-3511.9719205004635,60000.0,0.0,0.0,-0.0,0.0,0.0,56488.028079499534,156539.83544146415,0.0,0.3608540146998074,0.0,-0.3608540146998074,0.05057136467880796,0.0025574629254769853,0.05,0.0,0.5,0.7994286417961121,0.5,0.5,7994286.5,263.9521789550781,473.1572265625,313.16363525390625,-150000000.0,0.0,0.0,-35119720.0,0.0,0.0,-50985792.0,-50985792.0,236105504.0,-0.0,0.0,0.85,1.0,-1.0,1.0,True,True,True
464400.0,128,-0.38930460871240913,False,False,ok,,,True,1.0,0.0,1,0.0,1.0,0.0,0.0,941.6793844441115,60000.0,0.0,0.0,-0.0,0.0,0.0,60941.67938444411,156539.83544146415,0.0,0.38930460871240913,0.0,-0.38930460871240913,0.04671804883921993,0.0021825760873437385,0.05,1.0,0.5,0.8032819628715515,0.5,0.5,8032819.5,265.2244567871094,473.1572265625,313.16363525390625,-150000000.0,0.0,0.0,1569465.625,0.0,0.0,-89624504.0,-89624504.0,238055040.0,-0.0,0.0,0.85,1.0,-1.0,1.0,True,True,True
468000.0,129,-0.5690726095438585,False,False,ok,,,True,1.0,0.0,1,0.0,1.0,0.0,0.0,29082.53265224019,60000.0,0.0,0.0,-0.0,0.0,0.0,89082.53265224019,156539.83544146415,0.0,0.5690726095438585,0.0,-0.5690726095438585,0.04134397338556439,0.0017093241353062568,0.05,1.0,0.5,0.8086560368537903,0.5,0.5,8086560.5,266.99884033203125,473.1572265625,313.16363525390625,-150000000.0,0.0,0.0,48470888.0,0.0,0.0,-111918328.0,-111918328.0,213447440.0,-0.0,0.0,0.85,1.0,-1.0,1.0,True,True,True
471600.0,130,-0.6392342007212563,False,False,ok,,,True,1.0,0.0,1,0.0,1.0,0.0,0.0,40065.61658946132,60000.0,0.0,0.0,-0.0,0.0,0.0,100065.61658946132,156539.83544146415,0.0,0.6392342007212563,0.0,-0.6392342007212563,0.03511134904013258,0.001232806831418019,0.05,1.0,0.5,0.8148886561393738,0.5,0.5,8148886.5,269.05670166015625,473.1572265625,313.16363525390625,-150000000.0,0.0,0.0,66776028.0,0.0,-0.0,-126457128.0,-126457128.0,209681104.0,-0.0,0.0,0.85,1.0,-1.0,1.0,True,True,True
475200.0,131,-0.6380319813062109,False,False,ok,,,True,1.0,0.0,1,0.0,1.0,0.0,0.0,39877.421360065586,60000.0,0.0,0.0,-0.0,0.0,0.0,99877.42136006558,156539.83544146415,0.0,0.6380319813062109,0.0,-0.6380319813062109,0.029021873284555633,0.0008422691289448039,0.05,1.0,0.5,0.8209781050682068,0.5,0.5,8209781.5,271.0672912597656,473.1572265625,313.16363525390625,-150000000.0,0.0,0.0,66462368.0,0.0,0.0,-119669808.0,-119669808.0,203207440.0,-0.0,0.0,0.85,1.0,-1.0,1.0,True,True,True
478800.0,132,-0.484203593914768,False,False,ok,,,True,1.0,0.0,1,0.0,1.0,0.0,0.0,15797.150911583312,60000.0,0.0,0.0,-0.0,0.0,0.0,75797.15091158332,156539.83544146415,0.0,0.484203593914768,0.0,-0.484203593914768,0.023896983575985686,0.0005710658240309297,0.05,1.0,0.5,0.8261030316352844,0.5,0.5,8261030.0,272.7593994140625,473.1572265625,313.16363525390625,-150000000.0,0.0,0.0,26328584.0,0.0,-0.0,-97597304.0,-97597304.0,221268720.0,-0.0,0.0,0.85,1.0,-1.0,1.0,True,True,True
482400.0,133,-0.36844586150006975,False,False,ok,,,True,1.0,0.0,1,0.0,1.0,0.0,0.0,-2323.545471690586,60000.0,0.0,0.0,-0.0,0.0,0.0,57676.45452830941,156539.83544146415,0.0,0.36844586150006975,0.0,-0.36844586150006975,0.02031474495096741,0.0004126888624228559,0.05,1.0,0.5,0.8296852707862854,0.5,0.5,8296852.5,273.9421691894531,473.1572265625,313.16363525390625,-150000000.0,0.0,0.0,-23235454.0,0.0,0.0,-61871896.0,-61871896.0,235107344.0,-0.0,0.0,0.85,1.0,-1.0,1.0,True,True,True
486000.0,134,-0.3351368265315974,False,False,ok,,,True,1.0,0.0,1,0.0,1.0,0.0,0.0,-7537.736324369231,60000.0,0.0,0.0,-0.0,0.0,0.0,52462.26367563077,156539.83544146415,0.0,0.3351368265315974,0.0,-0.3351368265315974,0.019515338586778452,0.000380848440156604,0.05,1.0,0.5,0.8304846882820129,0.5,0.5,8304846.5,274.20611572265625,473.1572265625,313.16363525390625,-150000000.0,0.0,0.0,-75377360.0,0.0,0.0,-23488670.0,-23488670.0,248866032.0,-0.0,0.0,0.85,1.0,-1.0,1.0,True,True,False
489600.0,135,-0.33373030061434544,False,False,ok,,,True,1.0,0.0,1,0.0,1.0,0.0,0.0,-7757.913659999998,60000.0,0.0,0.0,-0.0,0.0,0.0,52242.08634,156539.83544146415,0.0,0.33373030061434544,0.0,-0.33373030061434544,0.022059338384597615,0.00048661440996618173,0.05,1.0,0.5,0.8279406428337097,0.5,0.5,8279406.5,273.36614990234375,473.1572265625,313.16363525390625,-150000000.0,0.0,0.0,-77579136.0,0.0,0.0,-0.0,-0.0,227579136.0,-0.0,0.0,0.85,1.0,-1.0,1.0,True,True,False
493200.0,136,-0.34994904629553264,False,False,ok,,,True,1.0,0.0,1,0.0,1.0,0.0,0.0,-5219.033880000001,60000.0,0.0,0.0,-0.0,0.0,0.0,54780.96612,156539.83544146415,0.0,0.34994904629553264,0.0,-0.34994904629553264,0.026244298894344098,0.0006887632244556709,0.05,1.0,0.5,0.82375568151474,0.5,0.5,8237557.0,271.984375,473.1572265625,313.16363525390625,-150000000.0,0.0,0.0,-52190340.0,0.0,0.0,-0.0,-0.0,202190336.0,-0.0,0.0,0.85,1.0,-1.0,1.0,True,True,False
496800.0,137,-0.33275399838706254,False,False,ok,,,True,1.0,0.0,1,0.0,1.0,0.0,0.0,-7910.74385,60000.0,0.0,0.0,-0.0,0.0,0.0,52089.25615,156539.83544146415,0.0,0.33275399838706254,0.0,-0.33275399838706254,0.03055146402876696,0.0009333919543010416,0.05,1.0,0.5,0.8194485306739807,0.5,0.5,8194485.5,270.5622253417969,473.1572265625,313.16363525390625,-150000000.0,0.0,0.0,-79107440.0,0.0,0.0,-0.0,-0.0,229107440.0,-0.0,0.0,0.85,1.0,-1.0,1.0,True,True,True
500400.0,138,-0.34245673747399585,False,False,ok,,,True,1.0,0.0,1,0.0,1.0,0.0,0.0,-6391.878669999999,60000.0,0.0,0.0,-0.0,0.0,0.0,53608.12133,156539.83544146415,0.0,0.34245673747399585,0.0,-0.34245673747399585,0.034572444832306704,0.0011952539416828906,0.05,1.0,0.5,0.8154275417327881,0.5,0.5,8154275.5,269.2345886230469,473.1572265625,313.16363525390625,-150000000.0,0.0,0.0,-63918788.0,0.0,0.0,-0.0,-0.0,213918784.0,-0.0,0.0,0.85,1.0,-1.0,1.0,True,True,True
504000.0,139,-0.33403017578584804,False,False,ok,,,True,1.0,0.0,1,0.0,1.0,0.0,0.0,-7710.97125,60000.0,0.0,0.0,-0.0,0.0,0.0,52289.02875,156539.83544146415,0.0,0.33403017578584804,0.0,-0.33403017578584804,0.037878892573665834,0.0014348105026073168,0.05,1.0,0.5,0.8121210932731628,0.5,0.5,8121211.0,268.14288330078125,473.1572265625,313.16363525390625,-150000000.0,0.0,0.0,-77109712.0,0.0,0.0,-0.0,-0.0,227109712.0,-0.0,0.0,0.85,1.0,-1.0,1.0,True,True,True
507600.0,140,-0.3371882650901189,False,False,ok,,,True,1.0,0.0,1,0.0,1.0,0.0,0.0,-7216.604469999998,60000.0,0.0,0.0,-0.0,0.0,0.0,52783.39553,156539.83544146415,0.0,0.3371882650901189,0.0,-0.3371882650901189,0.040391979411661505,0.001631512000792087,0.05,1.0,0.5,0.8096080422401428,0.5,0.5,8096080.0,267.3131408691406,473.1572265625,313.16363525390625,-150000000.0,0.0,0.0,-72166048.0,0.0,0.0,-0.0,-0.0,222166048.0,-0.0,0.0,0.85,1.0,-1.0,1.0,True,True,True
511200.0,141,-0.34760463812003517,False,False,ok,,,True,1.0,0.0,1,0.0,1.0,0.0,0.0,-5586.02715,60000.0,0.0,0.0,-0.0,0.0,0.0,54413.97285,156539.83544146415,0.0,0.34760463812003517,0.0,-0.34760463812003517,0.042514974329479704,0.0018075230422363183,0.05,1.0,0.5,0.807485044002533,0.5,0.5,8074850.5,266.6121520996094,473.1572265625,313.16363525390625,-150000000.0,0.0,0.0,-55860272.0,0.0,0.0,-0.0,-0.0,205860272.0,-0.0,0.0,0.85,1.0,-1.0,1.0,True,True,True
514800.0,142,-0.33921265951410884,False,False,ok,,,True,1.0,0.0,1,0.0,1.0,0.0,0.0,-6899.706099999999,60000.0,0.0,0.0,-0.0,0.0,0.0,53100.293900000004,156539.83544146415,0.0,0.33921265951410884,0.0,-0.33921265951410884,0.04443002915895555,0.0019740274910656406,0.05,1.0,0.5,0.8055699467658997,0.5,0.5,8055699.5,265.9798583984375,473.1572265625,313.16363525390625,-150000000.0,0.0,0.0,-68997064.0,0.0,0.0,-0.0,-0.0,218997056.0,-0.0,0.0,0.85,1.0,-1.0,1.0,True,True,True
518400.0,143,-0.3269189304158715,False,False,ok,,,True,1.0,0.0,1,0.0,1.0,0.0,0.0,-8824.16443,60000.0,0.0,0.0,-0.0,0.0,0.0,51175.835569999996,156539.83544146415,0.0,0.3269189304158715,0.0,-0.3269189304158715,0.04606341115234702,0.0021218378469901682,0.05,1.0,0.5,0.8039366006851196,0.5,0.5,8039366.0,265.4405517578125,473.1572265625,313.16363525390625,-150000000.0,0.0,0.0,-88241648.0,0.0,0.0,-0.0,-0.0,238241648.0,-0.0,0.0,0.85,1.0,-1.0,1.0,True,True,True
522000.0,144,-0.32201489415037376,False,False,ok,,,True,1.0,0.0,1,0.0,1.0,0.0,0.0,-9591.84146,60000.0,0.0,0.0,-0.0,0.0,0.0,50408.158540000004,156539.83544146415,0.0,0.32201489415037376,0.0,-0.32201489415037376,0.04752221643015975,0.0022583610544349452,0.05,1.0,0.5,0.8024777770042419,0.5,0.5,8024778.0,264.9588928222656,473.1572265625,313.16363525390625,-150000000.0,0.0,0.0,-95918416.0,0.0,0.0,-0.0,-0.0,245918416.0,-0.0,0.0,0.85,1.0,-1.0,1.0,True,True,True
525600.0,145,-0.32922293916216194,False,False,ok,,,True,1.0,0.0,1,0.0,1.0,0.0,0.0,-8463.495280000001,60000.0,0.0,0.0,-0.0,0.0,0.0,51536.50472,156539.83544146415,0.0,0.32922293916216194,0.0,-0.32922293916216194,0.04893973048496736,0.0023950972199412433,0.05,1.0,0.5,0.8010602593421936,0.5,0.5,8010602.5,264.4908752441406,473.1572265625,313.16363525390625,-150000000.0,0.0,0.0,-84634952.0,0.0,0.0,-0.0,-0.0,234634960.0,-0.0,0.0,0.85,1.0,-1.0,1.0,True,True,True
529200.0,146,-0.3203457997677001,False,False,ok,,,True,1.0,0.0,1,0.0,1.0,0.0,0.0,-9853.121219999997,60000.0,0.0,0.0,-0.0,0.0,0.0,50146.87878,156539.83544146415,0.0,0.3203457997677001,0.0,-0.3203457997677001,0.050269692934488686,0.0025270420277277816,0.05,0.0,0.5,0.7997303009033203,0.5,0.5,7997303.0,264.0517272949219,473.1572265625,313.16363525390625,-150000000.0,0.0,0.0,-98531216.0,0.0,0.0,-0.0,-0.0,248531216.0,-0.0,0.0,0.85,1.0,-1.0,1.0,True,True,True
532800.0,147,-0.34731846380617015,False,False,ok,,,True,1.0,0.0,1,0.0,1.0,0.0,0.0,-5630.8248300000005,60000.0,0.0,0.0,-0.0,0.0,0.0,54369.17517,156539.83544146415,0.0,0.34731846380617015,0.0,-0.34731846380617015,0.051264876918691304,0.0026280876054885684,0.05,0.0,0.5,0.7987351417541504,0.5,0.5,7987351.0,263.72314453125,473.1572265625,313.16363525390625,-150000000.0,0.0,0.0,-56308248.0,0.0,0.0,-0.0,-0.0,206308256.0,-0.0,0.0,0.85,1.0,-1.0,1.0,True,True,True
536400.0,148,-0.3307013222800907,False,False,ok,,,True,1.0,0.0,1,0.0,1.0,0.0,0.0,-8232.069430000001,60000.0,0.0,0.0,-0.0,0.0,0.0,51767.93057,156539.83544146415,0.0,0.3307013222800907,0.0,-0.3307013222800907,0.051853143479081876,0.002688748488662251,0.05,0.0,0.5,0.7981468439102173,0.5,0.5,7981468.5,263.5289306640625,473.1572265625,313.16363525390625,-150000000.0,0.0,0.0,-82320696.0,0.0,0.0,-0.0,-0.0,232320688.0,-0.0,0.0,0.85,1.0,-1.0,1.0,True,True,True
540000.0,149,-0.3389919892936337,False,False,ok,,,True,1.0,0.0,1,0.0,1.0,0.0,0.0,-6934.249780000001,60000.0,0.0,0.0,-0.0,0.0,0.0,53065.75022,156539.83544146415,0.0,0.3389919892936337,0.0,-0.3389919892936337,0.052234334926366977,0.002728425745199881,0.05,0.0,0.5,0.7977656722068787,0.5,0.5,7977656.5,263.403076171875,473.1572265625,313.16363525390625,-150000000.0,0.0,0.0,-69342496.0,0.0,0.0,-0.0,-0.0,219342496.0,-0.0,0.0,0.85,1.0,-1.0,1.0,True,True,True
543600.0,150,-0.3402676443458811,False,False,ok,,,True,1.0,0.0,1,0.0,1.0,0.0,0.0,-6734.558948041123,60000.0,0.0,0.0,-0.0,0.0,0.0,53265.44105195888,156539.83544146415,0.0,0.3402676443458811,0.0,-0.3402676443458811,0.05248506913398554,0.002754682481999242,0.05,0.0,0.5,0.7975149154663086,0.5,0.5,7975149.5,263.3202819824219,473.1572265625,313.16363525390625,-150000000.0,0.0,0.0,-67345592.0,0.0,0.0,-10771640.0,-10771640.0,228117232.0,-0.0,0.0,0.85,1.0,-1.0,1.0,True,True,True
547200.0,151,-0.3809324163022753,False,False,ok,,,True,1.0,0.0,1,0.0,1.0,0.0,0.0,-368.9022377225071,60000.0,0.0,0.0,-0.0,0.0,0.0,59631.097762277495,156539.83544146415,0.0,0.3809324163022753,0.0,-0.3809324163022753,0.05159803575983213,0.0026623572942729152,0.05,0.0,0.5,0.798401951789856,0.5,0.5,7984019.5,263.6131591796875,473.1572265625,313.16363525390625,-150000000.0,0.0,0.0,-3689022.5,0.0,0.0,-56228508.0,-56228508.0,209917536.0,-0.0,0.0,0.85,1.0,-1.0,1.0,True,True,True
550800.0,152,-0.4852358476627342,False,False,ok,,,True,1.0,0.0,1,0.0,1.0,0.0,0.0,15958.739743423783,60000.0,0.0,0.0,-0.0,0.0,0.0,75958.73974342378,156539.83544146415,0.0,0.4852358476627342,0.0,-0.4852358476627342,0.048370620907102646,0.0023397169669386354,0.05,1.0,0.5,0.801629364490509,0.5,0.5,8016294.0,264.67877197265625,473.1572265625,313.16363525390625,-150000000.0,0.0,0.0,26597900.0,0.0,0.0,-96294216.0,-96294216.0,219696320.0,-0.0,0.0,0.85,1.0,-1.0,1.0,True,True,True
554400.0,153,-0.5753864893189576,False,False,ok,,,True,1.0,0.0,1,0.0,1.0,0.0,0.0,30070.90635323141,60000.0,0.0,0.0,-0.0,0.0,0.0,90070.9063532314,156539.83544146415,0.0,0.5753864893189576,0.0,-0.5753864893189576,0.042887449990436144,0.0018393333666821613,0.05,1.0,0.5,0.8071125745773315,0.5,0.5,8071125.5,266.4891662597656,473.1572265625,313.16363525390625,-150000000.0,0.0,0.0,50118176.0,0.0,0.0,-117130288.0,-117130288.0,217012112.0,-0.0,0.0,0.85,1.0,-1.0,1.0,True,True,True
558000.0,154,-0.614534481732156,False,False,ok,,,True,1.0,0.0,1,0.0,1.0,0.0,0.0,36199.126643457144,60000.0,0.0,0.0,-0.0,0.0,0.0,96199.12664345714,156539.83544146415,0.0,0.614534481732156,0.0,-0.614534481732156,0.03662022494548067,0.0013410408750576049,0.05,1.0,0.5,0.8133797645568848,0.5,0.5,8133798.0,268.5584411621094,473.1572265625,313.16363525390625,-150000000.0,0.0,0.0,60331876.0,0.0,0.0,-128155768.0,-128155768.0,217823888.0,-0.0,0.0,0.85,1.0,-1.0,1.0,True,True,True
561600.0,155,-0.5918222545109217,False,False,ok,,,True,1.0,0.0,1,0.0,1.0,0.0,0.0,32643.758331736,60000.0,0.0,0.0,-0.0,0.0,0.0,92643.758331736,156539.83544146415,0.0,0.5918222545109217,0.0,-0.5918222545109217,0.030953629969018626,0.000958127208258928,0.05,1.0,0.5,0.8190463781356812,0.5,0.5,8190463.5,270.4294128417969,473.1572265625,313.16363525390625,-150000000.0,0.0,0.0,54406264.0,0.0,0.0,-123058256.0,-123058256.0,218652000.0,-0.0,0.0,0.85,1.0,-1.0,1.0,True,True,True
565200.0,156,-0.5505384629200979,False,False,ok,,,True,1.0,0.0,1,0.0,1.0,0.0,0.0,26181.200389708738,60000.0,0.0,0.0,-0.0,0.0,0.0,86181.20038970874,156539.83544146415,0.0,0.5505384629200979,0.0,-0.5505384629200979,0.026259251925223603,0.0006895483116723595,0.05,1.0,0.5,0.8237407207489014,0.5,0.5,8237407.5,271.9794006347656,473.1572265625,313.16363525390625,-150000000.0,0.0,0.0,43635332.0,0.0,0.0,-99403544.0,-99403544.0,205768208.0,-0.0,0.0,0.85,1.0,-1.0,1.0,True,True,True
568800.0,157,-0.3786080223605144,False,False,ok,,,True,1.0,0.0,1,0.0,1.0,0.0,0.0,-732.7624828669011,60000.0,0.0,0.0,-0.0,0.0,0.0,59267.2375171331,156539.83544146415,0.0,0.3786080223605144,0.0,-0.3786080223605144,0.022981826210819012,0.0005281643359842877,0.05,1.0,0.5,0.8270182013511658,0.5,0.5,8270181.5,273.0615234375,473.1572265625,313.16363525390625,-150000000.0,0.0,0.0,-7327625.0,0.0,0.0,-67732864.0,-67732864.0,225060480.0,-0.0,0.0,0.85,1.0,-1.0,1.0,True,True,True
572400.0,158,-0.34146459240716415,False,False,ok,,,True,1.0,0.0,1,0.0,1.0,0.0,0.0,-6547.188895495903,60000.0,0.0,0.0,-0.0,0.0,0.0,53452.8111045041,156539.83544146415,0.0,0.34146459240716415,0.0,-0.34146459240716415,0.021732546136448816,0.00047230356157287634,0.05,1.0,0.5,0.8282674551010132,0.5,0.5,8282674.5,273.4739990234375,473.1572265625,313.16363525390625,-150000000.0,0.0,0.0,-65471888.0,0.0,0.0,-25373752.0,-25373752.0,240845648.0,-0.0,0.0,0.85,1.0,-1.0,1.0,True,True,False
576000.0,159,-0.34037639607666653,False,False,ok,,,True,1.0,0.0,1,0.0,1.0,0.0,0.0,-6717.534969999999,60000.0,0.0,0.0,-0.0,0.0,0.0,53282.46503,156539.83544146415,0.0,0.34037639607666653,0.0,-0.34037639607666653,0.022734841458489474,0.0005168730161426518,0.05,1.0,0.5,0.8272651433944702,0.5,0.5,8272651.5,273.14306640625,473.1572265625,313.16363525390625,-150000000.0,0.0,0.0,-67175352.0,0.0,0.0,-0.0,-0.0,217175344.0,-0.0,0.0,0.85,1.0,-1.0,1.0,True,True,False
579600.0,160,-0.3354246468441853,False,False,ok,,,True,1.0,0.0,1,0.0,1.0,0.0,0.0,-7492.680980000001,60000.0,0.0,0.0,-0.0,0.0,0.0,52507.319019999995,156539.83544146415,0.0,0.3354246468441853,0.0,-0.3354246468441853,0.024998280647939297,0.0006249140353531364,0.05,1.0,0.5,0.8250017166137695,0.5,0.5,8250017.0,272.3957214355469,473.1572265625,313.16363525390625,-150000000.0,0.0,0.0,-74926808.0,0.0,0.0,-0.0,-0.0,224926816.0,-0.0,0.0,0.85,1.0,-1.0,1.0,True,True,False
583200.0,161,-0.347578492953928,False,False,ok,,,True,1.0,0.0,1,0.0,1.0,0.0,0.0,-5590.1199099999985,60000.0,0.0,0.0,-0.0,0.0,0.0,54409.88009,156539.83544146415,0.0,0.347578492953928,0.0,-0.347578492953928,0.027357677897497545,0.0007484425399432258,0.05,1.0,0.5,0.8226423263549805,0.5,0.5,8226423.0,271.61669921875,473.1572265625,313.16363525390625,-150000000.0,0.0,0.0,-55901200.0,0.0,0.0,-0.0,-0.0,205901200.0,-0.0,0.0,0.85,1.0,-1.0,1.0,True,True,True
586800.0,162,-0.3329658325180138,False,False,ok,,,True,1.0,0.0,1,0.0,1.0,0.0,0.0,-7877.5833699999985,60000.0,0.0,0.0,-0.0,0.0,0.0,52122.41663,156539.83544146415,0.0,0.3329658325180138,0.0,-0.3329658325180138,0.029543470014375295,0.0008728166204902922,0.05,1.0,0.5,0.8204565048217773,0.5,0.5,8204565.5,270.89501953125,473.1572265625,313.16363525390625,-150000000.0,0.0,0.0,-78775832.0,0.0,0.0,-0.0,-0.0,228775840.0,-0.0,0.0,0.85,1.0,-1.0,1.0,True,True,True
590400.0,163,-0.33488395220399164,False,False,ok,,,True,1.0,0.0,1,0.0,1.0,0.0,0.0,-7577.3212300000005,60000.0,0.0,0.0,-0.0,0.0,0.0,52422.67877,156539.83544146415,0.0,0.33488395220399164,0.0,-0.33488395220399164,0.03173892875948692,0.0010073595987997858,0.05,1.0,0.5,0.8182610869407654,0.5,0.5,8182610.5,270.1701354980469,473.1572265625,313.16363525390625,-150000000.0,0.0,0.0,-75773216.0,0.0,0.0,-0.0,-0.0,225773216.0,-0.0,0.0,0.85,1.0,-1.0,1.0,True,True,True
594000.0,164,-0.34000046345968093,False,False,ok,,,True,1.0,0.0,1,0.0,1.0,0.0,0.0,-6776.3834,60000.0,0.0,0.0,-0.0,0.0,0.0,53223.6166,156539.83544146415,0.0,0.34000046345968093,0.0,-0.34000046345968093,0.0340259180787057,0.0011577631010987913,0.05,1.0,0.5,0.8159740567207336,0.5,0.5,8159741.0,269.4150085449219,473.1572265625,313.16363525390625,-150000000.0,0.0,0.0,-67763832.0,0.0,0.0,-0.0,-0.0,217763840.0,-0.0,0.0,0.85,1.0,-1.0,1.0,True,True,True
597600.0,165,-0.32377225386155645,False,False,ok,,,True,1.0,0.0,1,0.0,1.0,0.0,0.0,-9316.74466,60000.0,0.0,0.0,-0.0,0.0,0.0,50683.25534,156539.83544146415,0.0,0.32377225386155645,0.0,-0.32377225386155645,0.03629989732621053,0.0013176825458934263,0.05,1.0,0.5,0.8137000799179077,0.5,0.5,8137001.0,268.6642150878906,473.1572265625,313.16363525390625,-150000000.0,0.0,0.0,-93167448.0,0.0,0.0,-0.0,-0.0,243167440.0,-0.0,0.0,0.85,1.0,-1.0,1.0,True,True,True
601200.0,166,-0.3403601705581406,False,False,ok,,,True,1.0,0.0,1,0.0,1.0,0.0,0.0,-6720.074909999998,60000.0,0.0,0.0,-0.0,0.0,0.0,53279.925090000004,156539.83544146415,0.0,0.3403601705581406,0.0,-0.3403601705581406,0.038862437683688134,0.0015102890627185434,0.05,1.0,0.5,0.8111375570297241,0.5,0.5,8111375.5,267.818115234375,473.1572265625,313.16363525390625,-150000000.0,0.0,0.0,-67200752.0,0.0,0.0,-0.0,-0.0,217200752.0,-0.0,0.0,0.85,1.0,-1.0,1.0,True,True,True
604800.0,167,11.49326820549793,False,True,ok,,,True,1.0,0.0,1,0.0,1.0,0.0,0.0,-7284.406909999999,60000.0,0.0,0.0,-0.0,0.0,0.0,52715.59309,156539.83544146415,0.0,0.336755132911279,11.830023338409209,11.49326820549793,0.041607738312361975,0.0017312038874699946,0.05,1.0,0.5,0.8083922863006592,0.5,0.5,8083922.5,266.91168212890625,473.1572265625,313.16363525390625,-150000000.0,0.0,0.0,-72844072.0,0.0,0.0,-0.0,-0.0,222844064.0,-0.0,0.0,0.85,1.0,-1.0,1.0,True,True,True
