time,step,reward,terminated,truncated,fmu_status,fmu_error,failure_type,transition_valid,requested_u_tp,requested_u_battery,requested_caes_mode,requested_caes_magnitude,decoded_u_tp,decoded_u_battery,decoded_u_caes,rt_economic_cashflow_total,rt_economic_cashflow_delta,rt_economic_reward,rt_raw_total_cost,rt_normalized_cost,rt_cost_reference,rt_cost_reference_missing,rt_terminal_soc_bonus,rt_reward,rt_terminal_soc_l1_error,rt_terminal_soc_l1_full,rt_terminal_soc_l1_energy,rt_terminal_soc_l2_error,rt_terminal_soc_tolerance,rt_terminal_soc_satisfied,rt_soc_shaping_reward,rt_soc_shaping_potential,rt_soc_shaping_absolute,rt_soc_shaping_coef,rt_soc_recovery_scale,rt_soc_l1_prev,rt_market_settlement_enabled,rt_market_grid_cashflow,rt_market_grid_cost,rt_market_buy_cost,rt_market_sell_revenue,rt_market_energy_buy_mwh,rt_market_energy_sell_mwh,rt_market_buy_yuan_per_kwh,rt_market_sell_yuan_per_kwh,rt_p_grid_mw,rt_fmu_grid_cashflow_delta,rt_economic_cashflow_wind,rt_economic_cashflow_delta_wind,rt_raw_wind_cost,rt_economic_cashflow_pv,rt_economic_cashflow_delta_pv,rt_raw_pv_cost,rt_economic_cashflow_thermal,rt_economic_cashflow_delta_thermal,rt_raw_thermal_cost,rt_economic_cashflow_battery,rt_economic_cashflow_delta_battery,rt_raw_battery_cost,rt_economic_cashflow_caes,rt_economic_cashflow_delta_caes,rt_raw_caes_cost,rt_economic_cashflow_load,rt_economic_cashflow_delta_load,rt_raw_load_cost,rt_economic_cashflow_grid,rt_economic_cashflow_delta_grid,rt_raw_grid_cost,obs_battery_soc,obs_caes_gas_soc,obs_caes_hot_soc,obs_caes_cold_soc,obs_caes_gas_pressure,obs_caes_gas_temperature,obs_caes_hot_temperature,obs_caes_cold_temperature,obs_p_thermal,obs_p_battery,obs_p_caes,obs_p_grid,obs_p_wind_available,obs_p_wind_actual,obs_p_pv_available,obs_p_pv_actual,obs_p_load_actual,obs_p_curtailment,obs_p_unserved,u_tp_dynamic_low,u_tp_dynamic_high,u_battery_dynamic_low,u_battery_dynamic_high,caes_discharge_allowed,caes_idle_allowed,caes_charge_allowed,caes_locked_mode,caes_locked_steps_completed,caes_locked_steps_remaining
7866000.0,0,-1.6949068264178628,False,False,ok,,,True,0.8500000238418579,-1.0,0,1.0,0.8500000238418579,-1.0,-0.33000000000000007,14803.742928818938,5852.220542366895,0.03738486453536135,-5852.220542366895,-0.03738486453536135,156539.83544146415,0.0,0.0,-1.6949068264178628,0.34100230136874493,0.34459015471435256,0.34100230136874493,0.06781190334050514,0.06,0.0,-1.7322916909532242,-1.7050115068437246,-0.027280184109499596,5.0,1.0,0.0,1.0,-11880.983760460551,11880.983760460551,11880.983760460551,0.0,18.72288913825197,0.0,0.63457,0.1875,18.72288913825197,-2929.461374008507,-1298.0455597122273,-1298.0455597122273,1298.0455597122273,0.0,0.0,-0.0,-51900.00128746033,-51900.00128746033,51900.00128746033,-36000.0,-36000.0,36000.0,-17820.000000000004,-17820.000000000004,17820.000000000004,124751.25115000001,124751.25115000001,-124751.25115000001,-2929.461374008507,-11880.983760460551,11880.983760460551,0.28823530673980713,0.826644778251648,0.494874507188797,0.5051255226135254,8266447.5,275.5843200683594,471.2120056152344,313.4233703613281,-127500000.0,-100000000.0,-49500000.0,18722890.0,-3475669.0,-3475669.0,-0.0,-0.0,261752784.0,-0.0,0.0,0.85,1.0,-1.0,1.0,True,True,False,0,1,3
7869600.0,1,-1.143894132640231,False,False,ok,,,True,1.0,-0.5874999761581421,0,1.0,1.0,-0.5874999761581421,-0.33000000000000007,40336.825541493265,16158.217580515286,0.10322112282120945,-16158.217580515286,-0.10322112282120945,156539.83544146415,0.0,0.0,-1.143894132640231,0.5811273154144025,0.5887041655194962,0.5811273154144025,0.19581041739785754,0.06,0.0,-1.2471152554614404,-1.2006250702282881,-0.0464901852331522,5.0,1.0,0.34100230136874493,1.0,-9800.866760639727,9800.866760639727,9800.866760639727,0.0,15.444894591045475,0.0,0.63457,0.1875,15.444894591045475,-426.00172848068587,-2165.353633812945,-867.3080741007179,867.3080741007179,0.0,0.0,-0.0,-111000.00143051147,-59100.00014305115,59100.00014305115,-61149.999141693115,-25149.999141693115,25149.999141693115,-37620.00000000001,-19800.000000000004,19800.000000000004,255627.6428500001,130876.39170000008,-130876.39170000008,-3355.463102489193,-9800.866760639727,9800.866760639727,0.1402941197156906,0.8084315061569214,0.4891759157180786,0.5108240842819214,8084315.0,272.4466857910156,469.0441589355469,313.70904541015625,-150000000.0,-58749996.0,-49500000.0,15444895.0,-1312191.625,-1312191.625,-0.0,-0.0,244117296.0,-0.0,0.0,0.7000000238418579,1.0,-0.587499999999999,1.0,True,False,False,0,2,2
7873200.0,2,0.12373679665951717,False,False,ok,,,True,1.0,0.04124997928738594,0,1.0,1.0,0.04124997928738594,-0.33000000000000007,54860.613138184766,45660.72843409612,0.29168759699616714,-45660.72843409612,-0.29168759699616714,156539.83544146415,0.0,0.0,0.12373679665951717,0.6050368853166659,0.6166047470299343,0.6050368853166659,0.204171263034066,0.06,0.0,-0.16795080033664997,-0.1195478495113167,-0.048402950825333274,5.0,1.0,0.5811273154144025,1.0,5174.446899138483,-5174.446899138483,0.0,5174.446899138483,0.0,27.597050128738573,0.63457,0.1875,-27.597050128738573,-25962.493938266132,-2330.2191713956786,-164.8655375827334,164.8655375827334,0.0,0.0,-0.0,-171000.00143051147,-60000.0,60000.0,-62757.49941915274,-1607.5002774596214,1607.5002774596214,-57420.00000000001,-19800.0,19800.0,377686.29020000016,122058.64735000007,-122058.64735000007,-29317.957040755326,5174.446899138483,-5174.446899138483,0.13389559090137482,0.7941197156906128,0.4834744930267334,0.5165255069732666,7941197.5,270.5694885253906,466.8699645996094,313.99169921875,-150000000.0,4124998.0,-49500000.0,-27597050.0,0.0,0.0,-0.0,-0.0,222972048.0,-0.0,0.0,0.85,1.0,0.04124997854232885,1.0,True,False,False,0,3,1
7876800.0,3,0.2620395164838983,False,False,ok,,,True,1.0,0.06844374537467957,0,1.0,1.0,0.06844374537467957,-0.33000000000000007,69834.43316754674,42443.236251094204,0.2711337732750157,-42443.236251094204,-0.2711337732750157,156539.83544146415,0.0,0.0,0.2620395164838983,0.5972989534201667,0.612862329215434,0.5972989534201667,0.19147558321056643,0.06,0.0,-0.009094256791117417,0.03868965948249592,-0.047783916273613336,5.0,1.0,0.6050368853166659,1.0,9442.722775775239,-9442.722775775239,0.0,9442.722775775239,0.0,50.36118813746794,0.63457,0.1875,-50.36118813746794,-18026.69344595699,-2330.2191713956786,0.0,-0.0,0.0,0.0,-0.0,-231000.00143051147,-60000.0,60000.0,-61443.01204383373,1314.487375319004,-1314.487375319004,-77220.00000000001,-19800.000000000007,19800.000000000007,489172.3163000002,111486.02610000002,-111486.02610000002,-47344.650486712315,9442.722775775239,-9442.722775775239,0.147040456533432,0.7821403741836548,0.47776660323143005,0.5222333669662476,7821403.5,269.4566650390625,464.6881408691406,314.27154541015625,-150000000.0,6844374.5,-49500000.0,-50361188.0,0.0,0.0,-0.0,-0.0,243016816.0,-0.0,0.0,0.85,1.0,0.06844374200329272,1.0,True,False,False,,0,0
7880400.0,4,0.8510814853180334,False,False,ok,,,True,1.0,0.012578028254210949,2,0.0,1.0,0.012578028254210949,0.86,29356.16780889644,123647.94801034161,0.7898816787537637,-123647.94801034161,-0.7898816787537637,156539.83544146415,0.0,0.0,0.8510814853180334,0.5758454646725519,0.5865412092184059,0.5758454646725519,0.18573262418944028,0.06,0.0,0.06119980656426969,0.10726744373807384,-0.04606763717380415,5.0,1.0,0.5972989534201667,1.0,40536.24921101645,-40536.24921101645,0.0,40536.24921101645,0.0,216.1933291254211,0.63457,0.1875,-216.1933291254211,-123589.96415797545,-2330.2191713956786,0.0,-0.0,0.0,0.0,-0.0,-291000.0014305115,-60000.0,60000.0,-61079.72004450858,363.2919993251562,-363.2919993251562,-55980.000000000015,21240.0,-21240.0,610680.7231000004,121508.40680000023,-121508.40680000023,-170934.61464468777,40536.24921101645,-40536.24921101645,0.15067338943481445,0.7981444597244263,0.4847009479999542,0.5152602195739746,7981444.5,271.3448486328125,467.26129150390625,313.69927978515625,-150000000.0,1257802.875,129000000.0,-216193328.0,0.0,0.0,-0.0,-0.0,235935520.0,-0.0,0.0,0.85,1.0,0.012578028552234687,1.0,True,True,True,2,1,3
7884000.0,5,0.9328157536132653,False,False,ok,,,True,0.8500000238418579,-0.002861881395801902,2,0.0,0.8500000238418579,-0.002861881395801902,0.86,-19203.168925935584,140500.19248288072,0.8975363496879283,-140500.19248288072,-0.8975363496879283,156539.83544146415,0.0,0.0,0.9328157536132653,0.5598322676057919,0.5646235831028272,0.5598322676057919,0.18466214824579952,0.06,0.0,0.03527940392533703,0.08006598533380038,-0.04478658140846335,5.0,1.0,0.5758454646725519,1.0,49198.16907931739,-49198.16907931739,0.0,49198.16907931739,0.0,262.39023508969274,0.63457,0.1875,-262.39023508969274,-139861.36013839536,-2330.2191713956786,0.0,-0.0,-487.86678523585795,-487.86678523585795,487.86678523585795,-342900.0027179718,-51900.00128746033,51900.00128746033,-61157.59171824902,-77.87167374044657,77.87167374044657,-30180.000000000015,25800.0,-25800.0,728648.4862500007,117967.76315000025,-117967.76315000025,-310795.97478308313,49198.16907931739,-49198.16907931739,0.150318905711174,0.8146893978118896,0.49300727248191833,0.5066967606544495,8146894.0,272.6577453613281,470.2916259765625,313.0181884765625,-127500000.0,-286188.125,129000000.0,-262390240.0,0.0,0.0,-4331595.5,-4331595.5,265508016.0,-0.0,0.0,0.85,1.0,-0.0028618814190842783,1.0,False,False,True,2,2,2
7887600.0,6,1.0243030338173533,False,False,ok,,,True,0.7000000476837158,-0.0013553205644711852,2,0.0,0.7000000476837158,-0.0013553205644711852,0.86,-67797.53351891838,153864.14843138485,0.9829073091680882,-153864.14843138485,-0.9829073091680882,156539.83544146415,0.0,0.0,1.0243030338173533,0.5428672467282862,0.5440511875847982,0.5428672467282862,0.1841045640317802,0.06,0.0,0.041395724649265206,0.0848251043875281,-0.0434293797382629,5.0,1.0,0.5598322676057919,1.0,44480.88016069562,-44480.88016069562,0.0,44480.88016069562,0.0,237.23136085704328,0.63457,0.1875,-237.23136085704328,-157977.63286367204,-3232.030408834526,-901.8112374388475,901.8112374388475,-5796.556693231798,-5308.68990799594,5308.68990799594,-385800.0054359436,-42900.0027179718,42900.0027179718,-61217.83078415319,-60.239065904170275,60.239065904170275,-4380.000000000015,25800.0,-25800.0,861402.4974500012,132754.01120000053,-132754.01120000053,-468773.6076467552,44480.88016069562,-44480.88016069562,0.14996455609798431,0.8321859240531921,0.5012580156326294,0.4978753328323364,8321859.5,274.27191162109375,473.2526550292969,312.31658935546875,-105000008.0,-135532.0625,129000000.0,-237231360.0,-9964748.0,-9964748.0,-41561408.0,-41561408.0,264893056.0,-0.0,0.0,0.7000000238418579,1.0,-0.0013553205644705607,1.0,False,False,True,,0,0
7891200.0,7,0.5760117230915185,False,False,ok,,,True,0.5500000715255737,0.00015065608022268862,1,0.0,0.5500000715255737,0.00015065608022268862,0.0,-57196.68374397378,94118.83589896838,0.6012452717453046,-94118.83589896838,-0.6012452717453046,156539.83544146415,0.0,0.0,0.5760117230915185,0.539285390215594,0.5410729086659842,0.539285390215594,0.18399458605812294,0.06,0.0,-0.02523354865378616,0.01790928256346136,-0.04314283121724752,5.0,1.0,0.5428672467282862,1.0,12607.55776622319,-12607.55776622319,0.0,12607.55776622319,0.0,67.24030808652368,0.63457,0.1875,-67.24030808652368,-70910.42835780059,-6374.279375740997,-3142.248966906471,3142.248966906471,-22266.844422283,-16470.287729051204,16470.287729051204,-419700.0095844269,-33900.00414848328,33900.00414848328,-61220.54025696707,-2.7094728138763458,2.7094728138763458,-1800.0000000000146,2580.0,-2580.0,993849.0259000015,132446.52845000033,-132446.52845000033,-539684.0360045558,12607.55776622319,-12607.55776622319,0.1499597728252411,0.8357749581336975,0.5020787715911865,0.49697157740592957,8357749.5,275.03814697265625,473.5451354980469,312.2447204589844,-82500008.0,15065.6083984375,0.0,-67240312.0,-7804817.5,-7804817.5,-95028336.0,-95028336.0,252558400.0,-0.0,0.0,0.5500000476837158,0.8500000476837158,0.00015065608313418605,1.0,True,True,False,,0,0
7894800.0,8,1.7930820154417448,False,False,ok,,,True,0.40000006556510925,1.0,0,1.0,0.40000006556510925,1.0,-0.33000000000000007,-52224.62047117527,76492.38539344657,0.48864485629314347,-76492.38539344657,-0.48864485629314347,156539.83544146415,0.0,0.0,1.7930820154417448,0.2740137385687733,0.2758145988515904,0.2740137385687733,0.04372838076013438,0.06,0.0,1.3044371591486015,1.3263582582341034,-0.021921099085501865,5.0,1.0,0.539285390215594,1.0,9750.453915478276,-9750.453915478276,0.0,9750.453915478276,0.0,52.00242088255081,0.63457,0.1875,-52.00242088255081,-61769.8682051698,-12026.911993726604,-5652.632617985607,5652.632617985607,-51431.779868820246,-29164.935446537245,29164.935446537245,-444600.0135540962,-24900.003969669342,24900.003969669342,-43220.238944806624,18000.301312160445,-18000.301312160445,-19620.000000000015,-17820.0,17820.0,1120128.2281000013,126279.20219999983,-126279.20219999983,-601453.9042097256,9750.453915478276,-9750.453915478276,0.3299627900123596,0.8310420513153076,0.49695250391960144,0.5020978450775146,8310420.5,276.11724853515625,471.6045837402344,312.50604248046875,-60000008.0,100000000.0,-49500000.0,-52002420.0,-28395320.0,-28395320.0,-142404912.0,-142404912.0,232302656.0,-0.0,0.0,0.4000000715255737,0.7000000715255738,0.00017093623821134302,1.0,True,True,False,0,1,3
7898400.0,9,1.216479119231593,False,False,ok,,,True,0.5500000715255737,0.9999999403953552,0,1.0,0.5500000715255737,0.9999999403953552,-0.33000000000000007,-26980.749302769957,29145.525557995214,0.18618599844442643,-29145.525557995214,-0.18618599844442643,156539.83544146415,0.0,0.0,1.216479119231593,0.06688495512927173,0.07267337304298646,0.06688495512927173,0.0018280503806543391,0.06,0.0,1.0302931207871664,1.035643917197508,-0.0053507964103417386,5.0,1.0,0.2740137385687733,1.0,-5245.590198333034,5245.590198333034,5245.590198333034,0.0,8.266369665022038,0.0,0.63457,0.1875,8.266369665022038,-9147.244587922934,-22322.482551280562,-10295.570557553958,10295.570557553958,-90996.41627628263,-39564.636407462385,39564.636407462385,-476700.01780986786,-32100.004255771637,32100.004255771637,-23220.24001769023,19999.998927116394,-19999.998927116394,-39420.000000000015,-19800.0,19800.0,1236279.556150002,116151.3280500006,-116151.3280500006,-610601.1487976485,-5245.590198333034,5245.590198333034,0.5299627780914307,0.828059196472168,0.4912559986114502,0.5077943205833435,8280592.0,278.1046447753906,469.44305419921875,312.7933349609375,-82500008.0,99999992.0,-49500000.0,8266369.5,-30680166.0,-30680166.0,-177287408.0,-177287408.0,231701232.0,-0.0,0.0,0.3333333333333333,0.5500000655651093,-0.7648418695286076,1.0,True,False,False,0,2,2
7902000.0,10,-1.4666778412001031,False,False,ok,,,True,0.7000000476837158,1.0,0,1.0,0.7000000476837158,1.0,-0.33000000000000007,-4799.636936598554,12645.11355849194,0.0807788862357684,-12645.11355849194,-0.0807788862357684,156539.83544146415,0.0,0.0,-1.4666778412001031,0.37044911477996656,0.3802254761187368,0.37044911477996656,0.07997482304398182,0.06,0.0,-1.5474567274358715,-1.5178207982534742,-0.029635929182397325,5.0,1.0,0.06688495512927173,1.0,-6352.490382875613,6352.490382875613,6352.490382875613,0.0,22.400262290192224,0.0,0.28359,0.1875,22.400262290192224,3183.5084248038474,-33282.49000092085,-10960.007449640289,10960.007449640289,-135989.41536199147,-44992.99908570884,44992.99908570884,-517800.02081394196,-41100.0030040741,41100.0030040741,-3220.2401368995197,19999.99988079071,-19999.99988079071,-59220.000000000015,-19800.0,19800.0,1352130.1697500013,115850.61359999934,-115850.61359999934,-607417.6403728446,-6352.490382875613,6352.490382875613,0.7299627661705017,0.8244950771331787,0.4855589270591736,0.5134913921356201,8244950.5,279.9386901855469,467.2760314941406,313.07745361328125,-105000008.0,100000000.0,-49500000.0,22400262.0,-32095532.0,-32095532.0,-183226464.0,-183226464.0,247421744.0,-0.0,0.0,0.4000000715255737,0.7000000715255738,-1.0,1.0,True,False,False,0,3,1
7905600.0,11,-1.0895754549319494,False,False,ok,,,True,0.8500000238418579,0.6001861095428467,0,1.0,0.8500000238418579,0.6001861095428467,-0.33000000000000007,12100.340792735054,-9291.766459952585,-0.05935720089233842,9291.766459952585,0.05935720089233842,156539.83544146415,0.0,0.0,-1.0895754549319494,0.5674141393581582,0.5811789589191704,0.5674141393581582,0.19316736468280127,0.06,0.0,-1.030218254039611,-0.9848251228909582,-0.045393131148652656,5.0,1.0,0.37044911477996656,1.0,-18064.643934047137,18064.643934047137,18064.643934047137,0.0,98.54696379928612,0.0,0.18331,0.1875,98.54696379928612,8127.100255239056,-45012.639305147466,-11730.149304226616,11730.149304226616,-182100.6118318789,-46111.19646988742,46111.19646988742,-567900.0223875046,-50100.00157356262,50100.00157356262,9583.10983487172,12803.34997177124,-12803.34997177124,-79020.00000000001,-19800.0,19800.0,1475841.0446000015,123710.87485000025,-123710.87485000025,-599290.5401176056,-18064.643934047137,18064.643934047137,0.8579962849617004,0.8195802569389343,0.47986114025115967,0.519189178943634,8195803.0,281.3505554199219,465.1036071777344,313.35845947265625,-127500000.0,60018612.0,-49500000.0,98546960.0,-35278756.0,-35278756.0,-185927984.0,-185927984.0,239641168.0,-0.0,0.0,0.5500000476837158,0.8500000476837158,-1.0,0.6001860954533406,True,False,False,,0,0
7909200.0,12,0.22971390196013042,False,False,ok,,,True,1.0,-0.0399814248085022,2,0.0,1.0,-0.0399814248085022,0.86,36050.868144376276,31023.241534559034,0.19818113036256343,-31023.241534559034,-0.19818113036256343,156539.83544146415,0.0,0.0,0.22971390196013042,0.5522712451167764,0.5610891856710977,0.5522712451167764,0.19615896802549213,0.06,0.0,0.031532771597567,0.0757144712069091,-0.04418169960934211,5.0,1.0,0.5674141393581582,1.0,5874.293032119722,-5874.293032119722,0.0,5874.293032119722,0.0,31.32956283797185,0.18331,0.1875,-31.32956283797185,-1198.4211507980945,-57242.00210128056,-12229.362796133093,12229.362796133093,-226443.92531623505,-44343.31348435616,44343.31348435616,-627000.0225305557,-59100.00014305115,59100.00014305115,9344.150760851335,-238.95907402038574,238.95907402038574,-57780.000000000015,21240.0,-21240.0,1595661.6286000013,119820.5839999998,-119820.5839999998,-600488.9612684037,5874.293032119722,-5874.293032119722,0.8615333437919617,0.8400287628173828,0.4865635335445404,0.5117576122283936,8400288.0,284.7015380859375,467.6779479980469,312.76031494140625,-150000000.0,-3998142.5,129000000.0,-31329562.0,-34529856.0,-34529856.0,-166882176.0,-166882176.0,257739744.0,-0.0,0.0,0.7000000238418579,1.0,-1.0,-0.03998140313521914,True,True,True,,0,0
7912800.0,13,1.1488792981774856,False,False,ok,,,True,0.8500000238418579,-1.0,0,1.0,0.8500000238418579,-1.0,-0.33000000000000007,28610.990179658973,-60503.41763201062,-0.38650492675798814,60503.41763201062,0.38650492675798814,156539.83544146415,0.0,0.0,1.1488792981774856,0.24133307099378115,0.25313897318578055,0.24133307099378115,0.03355190912754185,0.06,0.0,1.5353842249354737,1.5546908706149762,-0.019306645679502493,5.0,1.0,0.5522712451167764,1.0,-36793.278977429385,36793.278977429385,36793.278977429385,0.0,200.71615829703444,0.0,0.18331,0.1875,200.71615829703444,16270.260689863935,-68453.39024435611,-11211.38814307555,11211.38814307555,-264512.61844104645,-38068.6931248114,38068.6931248114,-678900.023818016,-51900.00128746033,51900.00128746033,-26815.774938382674,-36159.92569923401,36159.92569923401,-73020.00000000001,-15240.0,15240.0,1724531.4982000003,128869.86959999893,-128869.86959999893,-584218.7005785397,-36793.278977429385,36793.278977429385,0.6488279104232788,0.8319087624549866,0.48224374651908875,0.5159748792648315,8319088.0,284.3116149902344,466.031005859375,312.9434814453125,-127500000.0,-100000000.0,-49500000.0,200716160.0,-29071134.0,-29071134.0,-134273664.0,-134273664.0,239628640.0,-0.0,0.0,0.85,1.0,-1.0,-0.057666740762852275,True,True,False,0,1,3
7916400.0,14,0.02519092959561403,False,False,ok,,,True,0.7000000476837158,-1.0,0,1.0,0.7000000476837158,-1.0,-0.33000000000000007,23951.150317708794,-58468.236225240806,-0.37350388200135914,58468.236225240806,0.37350388200135914,156539.83544146415,0.0,0.0,0.02519092959561403,0.15904931956140406,0.17484312664744148,0.15904931956140406,0.012076031795149723,0.06,0.0,0.3986948115969732,0.4114187571618855,-0.012723945564912326,5.0,1.0,0.24133307099378115,1.0,-38040.26280018165,38040.26280018165,38040.26280018165,0.0,134.13823759717073,0.0,0.28359,0.1875,134.13823759717073,15768.133563108975,-76861.43280002159,-8408.04255566548,8408.04255566548,-293646.8653424683,-29134.246901421866,29134.246901421866,-721800.0265359879,-42900.0027179718,42900.0027179718,-66815.77493838267,-40000.0,40000.0,-92820.00000000001,-19800.0,19800.0,1844345.8169500004,119814.3187500001,-119814.3187500001,-568450.5670154308,-38040.26280018165,38040.26280018165,0.4135337769985199,0.8206499814987183,0.4765467345714569,0.5216718912124634,8206500.0,283.5912780761719,463.8557434082031,313.2231140136719,-105000008.0,-100000000.0,-49500000.0,134138240.0,-18299348.0,-18299348.0,-94609912.0,-94609912.0,233271024.0,-0.0,0.0,0.7000000238418579,1.0,-1.0,1.0,True,False,False,0,2,2
7920000.0,15,-2.0348453565577596,False,False,ok,,,True,0.5500000715255737,-1.0,0,1.0,0.5500000715255737,-1.0,-0.33000000000000007,34438.335489038865,-25131.688344688766,-0.16054500296243382,25131.688344688766,0.16054500296243382,156539.83544146415,0.0,0.0,-2.0348453565577596,0.5255013683862886,0.5452845587322379,0.5255013683862886,0.15713162144414622,0.06,0.0,-1.8743003535953258,-1.8322602441244227,-0.042040109470903086,5.0,1.0,0.15904931956140406,1.0,-27533.891806654035,27533.891806654035,27533.891806654035,0.0,43.389841635523325,0.0,0.63457,0.1875,43.389841635523325,8084.981709364802,-78841.02381881654,-1979.5910187949485,1979.5910187949485,-312200.58016322483,-18553.71482075652,18553.71482075652,-755700.0306844711,-33900.00414848328,33900.00414848328,-106815.77493838267,-40000.0,40000.0,-112620.00000000001,-19800.0,19800.0,1960981.3304000008,116635.51345000044,-116635.51345000044,-560365.585306066,-27533.891806654035,27533.891806654035,0.17823967337608337,0.8071391582489014,0.47084763646125793,0.5273710489273071,8071391.5,282.0697326660156,461.67474365234375,313.4997863769531,-82500008.0,-100000000.0,-49500000.0,43389840.0,0.0,0.0,-48734392.0,-48734392.0,237344560.0,-0.0,0.0,0.5500000476837158,0.8500000476837158,-1.0,1.0,True,False,False,0,3,1
7923600.0,16,-0.11899515193997212,False,False,ok,,,True,0.7000000476837158,-0.12001858651638031,0,1.0,0.7000000476837158,-0.12001858651638031,-0.33000000000000007,53404.73820031498,59973.41413202825,0.3831191847295282,-59973.41413202825,-0.3831191847295282,156539.83544146415,0.0,0.0,-0.11899515193997212,0.616067161141918,0.6398416162944525,0.616067161141918,0.20973486962564397,0.06,0.0,-0.5021143366695003,-0.45282896377814685,-0.049285372891353436,5.0,1.0,0.5255013683862886,1.0,17850.387646206513,-17850.387646206513,0.0,17850.387646206513,0.0,95.20206744643473,0.63457,0.1875,-95.20206744643473,-23156.623774545616,-78841.02381881654,0.0,-0.0,-319529.1622087394,-7328.582045514544,7328.582045514544,-796800.0336885452,-41100.0030040741,41100.0030040741,-115136.44405297237,-8320.669114589691,8320.669114589691,-132420.00000000003,-19800.000000000015,19800.000000000015,2079653.61105,118672.28064999916,-118672.28064999916,-583522.2090806116,17850.387646206513,-17850.387646206513,0.12929455935955048,0.789991021156311,0.4651458263397217,0.533072829246521,7899910.0,279.2309265136719,459.48785400390625,313.7736511230469,-105000008.0,-12001859.0,-49500000.0,-95202064.0,0.0,0.0,-5009199.0,-5009199.0,266713136.0,-0.0,0.0,0.4000000715255737,0.7000000715255738,-0.12001858716757105,1.0,True,False,False,,0,0
7927200.0,17,1.0685875625705883,False,False,ok,,,True,0.8500000238418579,0.08799814432859421,2,0.0,0.8500000238418579,0.08799814432859421,0.86,4371.170117947359,151596.80212736138,0.9684231601485799,-151596.80212736138,-0.9684231601485799,156539.83544146415,0.0,0.0,1.0685875625705883,0.5866479140329884,0.6055728846547764,0.5866479140329884,0.1944242735901272,0.06,0.0,0.1001644024220085,0.14709623554464757,-0.04693183312263908,5.0,1.0,0.616067161141918,1.0,46686.08847310889,-46686.08847310889,0.0,46686.08847310889,0.0,248.99247185658072,1.13597,0.1875,-248.99247185658072,-153944.28173662012,-78841.02381881654,0.0,-0.0,-320218.9053327734,-689.7431240340229,689.7431240340229,-846900.0352621078,-50100.00157356262,50100.00157356262,-114032.55180112319,1103.8922518491745,-1103.8922518491745,-111180.00000000003,21240.0,-21240.0,2213010.1771499994,133356.56609999947,-133356.56609999947,-737466.4908172317,46686.08847310889,-46686.08847310889,0.1423102617263794,0.7998867034912109,0.47201770544052124,0.526089072227478,7998867.0,278.93402099609375,462.1673583984375,313.21929931640625,-127500000.0,8799814.0,129000000.0,-248992464.0,0.0,0.0,-0.0,-0.0,238692656.0,-0.0,0.0,0.5500000476837158,0.8500000476837158,0.0879981406971708,1.0,True,True,True,2,1,3
7930800.0,18,1.0583389875542597,False,False,ok,,,True,0.7000000476837158,0.0326814204454422,2,0.0,0.7000000476837158,0.0326814204454422,0.86,-51176.61833641705,153897.05047470116,0.9831174923666556,-153897.05047470116,-0.9831174923666556,156539.83544146415,0.0,0.0,1.0583389875542597,0.5626019832632555,0.5756281214244314,0.5626019832632555,0.18520808467940247,0.06,0.0,0.07522149518760424,0.12022965384866469,-0.04500815866106044,5.0,1.0,0.5866479140329884,1.0,50886.46083599753,-50886.46083599753,0.0,50886.46083599753,0.0,271.39445779198684,1.13597,0.1875,-271.39445779198684,-158558.37809306802,-78841.02381881654,0.0,-0.0,-320218.9053327734,0.0,-0.0,-889800.0379800797,-42900.0027179718,42900.0027179718,-113268.28994444804,764.261856675148,-764.261856675148,-85380.00000000003,25800.0,-25800.0,2332356.5076499977,119346.3304999983,-119346.3304999983,-896024.8689102997,50886.46083599753,-50886.46083599753,0.14995287358760834,0.8124687075614929,0.4802684485912323,0.5174859762191772,8124687.0,278.8244323730469,465.3111267089844,312.5570068359375,-105000008.0,3268142.0,129000000.0,-271394464.0,0.0,0.0,-0.0,-0.0,244126320.0,-0.0,0.0,0.7000000238418579,1.0,0.03268141893743455,1.0,False,False,True,2,2,2
7934400.0,19,1.0874829528316337,False,False,ok,,,True,0.5500000715255737,0.0002002900291699916,2,0.0,0.5500000715255737,0.0002002900291699916,0.86,-110377.18467500733,166237.89070182256,1.0619526348230055,-166237.89070182256,-1.0619526348230055,156539.83544146415,0.0,0.0,1.0874829528316337,0.5487164563597735,0.5557752090125563,0.5487164563597735,0.18368505463732912,0.06,0.0,0.02553031800862808,0.06942763451740996,-0.04389731650878188,5.0,1.0,0.5626019832632555,1.0,52205.765338890174,-52205.765338890174,0.0,52205.765338890174,0.0,278.43074847408093,1.13597,0.1875,-278.43074847408093,-173232.69170152268,-78841.02381881654,0.0,-0.0,-320218.9053327734,0.0,-0.0,-923700.0421285629,-33900.00414848328,33900.00414848328,-113199.3218830321,68.96806141594425,-68.96806141594425,-59580.00000000003,25800.0,-25800.0,2454419.669099998,122063.16145000048,-122063.16145000048,-1069257.5606118224,52205.765338890174,-52205.765338890174,0.15064255893230438,0.8253197073936462,0.48849359154701233,0.5086614489555359,8253197.0,278.8230285644531,468.3786315917969,311.8776550292969,-82500008.0,20029.001953125,129000000.0,-278430752.0,0.0,0.0,-0.0,-0.0,231910736.0,-0.0,0.0,0.5500000476837158,0.8500000476837158,0.00020029002874092508,1.0,False,False,True,2,3,1
7938000.0,20,1.1397818953356869,False,False,ok,,,True,0.40000006556510925,-0.0027308526914566755,2,0.0,0.40000006556510925,-0.0027308526914566755,0.86,-172669.90152184307,175874.20561901364,1.1235108630529977,-175874.20561901364,-1.1235108630529977,156539.83544146415,0.0,0.0,1.1397818953356869,0.5368722932118462,0.5381629232755456,0.5368722932118462,0.18382172587931878,0.06,0.0,0.016271032282689085,0.05922081573963678,-0.04294978345694769,5.0,1.0,0.5487164563597735,1.0,59116.75460551649,-59116.75460551649,0.0,59116.75460551649,0.0,315.28935789608795,0.98555,0.1875,-315.28935789608795,-179050.16786033288,-78841.02381881654,0.0,-0.0,-320218.9053327734,0.0,-0.0,-948600.0460982323,-24900.003969669342,24900.003969669342,-113297.2319998662,-97.91011683410034,97.91011683410034,-33780.00000000003,25800.0,-25800.0,2570375.0341999982,115955.36510000005,-115955.36510000005,-1248307.7284721553,59116.75460551649,-59116.75460551649,0.1500682681798935,0.8380253314971924,0.49669528007507324,0.49961718916893005,8380253.0,278.7857360839844,471.371826171875,311.1813659667969,-60000008.0,-273085.28125,129000000.0,-315289344.0,0.0,0.0,-0.0,-0.0,246562448.0,-0.0,0.0,0.4000000715255737,0.7000000715255738,-0.0027308525814369465,1.0,False,False,True,,0,0
7941600.0,21,0.7768397709866669,False,False,ok,,,True,0.3333333432674408,-0.00029010980506427586,1,0.0,0.3333333432674408,-0.00029010980506427586,0.0,-192275.46267505278,139279.30971817713,0.8897371670628762,-139279.30971817713,-0.8897371670628762,156539.83544146415,0.0,0.0,0.7768397709866669,0.550641508294378,0.586375491304462,0.550641508294378,0.1844633823033213,0.06,0.0,-0.11289739607620933,-0.06884607541265908,-0.04405132066355024,5.0,1.0,0.5368722932118462,1.0,33839.45151175827,-33839.45151175827,0.0,33839.45151175827,0.0,180.47707472937745,0.98555,0.1875,-180.47707472937745,-125045.41935962858,-78841.02381881654,0.0,-0.0,-320218.9053327734,0.0,-0.0,-969000.0470280647,-20400.00092983246,20400.00092983246,-113318.59936361434,-21.367363748140633,21.367363748140633,-31200.00000000003,2580.0,-2580.0,2693656.2606999963,123281.22649999801,-123281.22649999801,-1373353.1478317839,33839.45151175827,-33839.45151175827,0.1499425768852234,0.8244446516036987,0.4932093024253845,0.404693603515625,8244446.5,276.073974609375,470.18304443359375,303.87384033203125,-50000000.0,-29010.98046875,0.0,-180477072.0,0.0,0.0,-0.0,-0.0,230506080.0,-0.0,0.0,0.3333333333333333,0.5500000655651093,-0.00029010981160576543,1.0,True,True,False,,0,0
7945200.0,22,1.1538031068128565,False,False,ok,,,True,0.3333333432674408,0.00024407428281847388,2,0.0,0.3333333432674408,0.00024407428281847388,0.86,-251774.2775516009,177310.91822147902,1.1326887991253953,-177310.91822147902,-1.1326887991253953,156539.83544146415,0.0,0.0,1.1538031068128565,0.5378136286977222,0.5742098144914591,0.5378136286977222,0.18393474751822858,0.06,0.0,0.02111430768746106,0.06413939798327883,-0.043025090295817775,5.0,1.0,0.550641508294378,1.0,58834.64231965606,-58834.64231965606,0.0,58834.64231965606,0.0,313.78475903816565,0.63457,0.1875,-313.78475903816565,-177975.0907783711,-78841.02381881654,0.0,-0.0,-320218.9053327734,0.0,-0.0,-989000.0476241112,-20000.000596046448,20000.000596046448,-113315.36646574386,3.2328978704754263,-3.2328978704754263,-7980.000000000029,23220.0,-23220.0,2808909.304299996,115253.04359999951,-115253.04359999951,-1551328.238610155,58834.64231965606,-58834.64231965606,0.14997968077659607,0.837216854095459,0.5006080865859985,0.39661896228790283,8372168.5,276.5124206542969,472.84649658203125,303.25225830078125,-50000000.0,24407.427734375,129000000.0,-313784768.0,0.0,0.0,-0.0,-0.0,234760352.0,-0.0,0.0,0.3333333333333333,0.4833333432674408,0.00024407428209734933,1.0,True,True,True,,0,0
7948800.0,23,0.7656439862423295,False,False,ok,,,True,0.3333333432674408,8.636843267595395e-05,1,0.0,0.3333333432674408,8.636843267595395e-05,0.0,-270414.3981242851,136826.20616302302,0.8740663727999588,-136826.20616302302,-0.8740663727999588,156539.83544146415,0.0,0.0,0.7656439862423295,0.5506871122138268,0.617021334003825,0.5506871122138268,0.1844097247789802,0.06,0.0,-0.10842238655762926,-0.06436741758052311,-0.044054968977106146,5.0,1.0,0.5378136286977222,1.0,36863.9874287159,-36863.9874287159,0.0,36863.9874287159,0.0,196.60793295315145,0.63457,0.1875,-196.60793295315145,-118602.33930699131,-78841.02381881654,0.0,-0.0,-320218.9053327734,0.0,-0.0,-1009000.0482201576,-20000.000596046448,20000.000596046448,-113313.32368539006,2.042780353804119,-2.042780353804119,-5400.000000000029,2580.0,-2580.0,2926289.4808499967,117380.1765500009,-117380.1765500009,-1669930.5779171463,36863.9874287159,-36863.9874287159,0.15000011026859283,0.8243127465248108,0.49710991978645325,0.3133637309074402,8243127.5,274.0306091308594,471.6267395019531,296.84423828125,-50000000.0,8636.84375,0.0,-196607936.0,0.0,0.0,-0.0,-0.0,246599296.0,-0.0,0.0,0.3333333333333333,0.4833333432674408,8.63684362479439e-05,1.0,True,True,False,,0,0
7952400.0,24,1.2216491080136043,False,False,ok,,,True,0.3333333432674408,-4.4972878754379053e-07,2,0.0,0.3333333432674408,-4.4972878754379053e-07,0.86,-331514.6649648742,187340.89885127195,1.1967618231036496,-187340.89885127195,-1.1967618231036496,156539.83544146415,0.0,0.0,1.2216491080136043,0.5371158023935393,0.6068318684577817,0.5371158023935393,0.1838950310009278,0.06,0.0,0.024887284909954538,0.06785654910143768,-0.04296926419148314,5.0,1.0,0.5506871122138268,1.0,60821.09410068846,-60821.09410068846,0.0,60821.09410068846,0.0,324.3791685370051,0.63457,0.1875,-324.3791685370051,-187620.0715911726,-78841.02381881654,0.0,-0.0,-320218.9053327734,0.0,-0.0,-1029000.0488162041,-20000.000596046448,20000.000596046448,-113313.16713876108,0.1565466289757751,-0.1565466289757751,17819.99999999997,23220.0,-23220.0,3049589.1296499954,123299.64879999869,-123299.64879999869,-1857550.6495083189,60821.09410068846,-60821.09410068846,0.15000173449516296,0.8378815650939941,0.5045239329338074,0.3053351938724518,8378816.0,274.7481384277344,474.2619323730469,296.2264099121094,-50000000.0,-44.972877502441406,129000000.0,-324379168.0,0.0,0.0,-0.0,-0.0,245379216.0,-0.0,0.0,0.3333333333333333,0.4833333432674408,-4.4972878916055276e-07,1.0,True,True,True,,0,0
7956000.0,25,0.8038063741801118,False,False,ok,,,True,0.3333333432674408,-7.3862897806975525e-06,1,0.0,0.3333333432674408,-7.3862897806975525e-06,0.0,-351212.4523141775,141823.45517002634,0.9059895506473763,-141823.45517002634,-0.9059895506473763,156539.83544146415,0.0,0.0,0.8038063741801118,0.5487720843375907,0.6454413829994032,0.5487720843375907,0.1843149522597758,0.06,0.0,-0.10218317646726445,-0.05828140972025719,-0.043901766747007256,5.0,1.0,0.5371158023935393,1.0,36554.11597141984,-36554.11597141984,0.0,36554.11597141984,0.0,194.9552851809058,0.63457,0.1875,-194.9552851809058,-124967.12654790981,-78841.02381881654,0.0,-0.0,-320218.9053327734,0.0,-0.0,-1049000.0494122505,-20000.000596046448,20000.000596046448,-113313.43484410834,-0.26770534725801554,0.26770534725801554,20399.99999999997,2580.0,-2580.0,3172278.737149996,122689.60750000086,-122689.60750000086,-1982517.7760562287,36554.11597141984,-36554.11597141984,0.1500001698732376,0.8262276649475098,0.5010258555412292,0.2248278260231018,8262276.5,272.6832580566406,473.0425109863281,290.0321044921875,-50000000.0,-738.6289672851562,0.0,-194955280.0,0.0,0.0,-0.0,-0.0,244956032.0,-0.0,0.0,0.3333333333333333,0.4833333432674408,-7.38628965737953e-06,1.0,True,True,False,,0,0
7959600.0,26,1.2487358990649469,False,False,ok,,,True,0.3333333432674408,-6.936559771020256e-07,2,0.0,0.3333333432674408,-6.936559771020256e-07,0.86,-412148.02728776715,190305.73348298218,1.2157016324074539,-190305.73348298218,-1.2157016324074539,156539.83544146415,0.0,0.0,1.2487358990649469,0.5336271958721379,0.6357106689940891,0.5336271958721379,0.18382458978046243,0.06,0.0,0.03303426665749302,0.07572444232726405,-0.042690175669771034,5.0,1.0,0.5487720843375907,1.0,64607.775945803645,-64607.775945803645,0.0,64607.775945803645,0.0,344.5748050442861,0.63457,0.1875,-344.5748050442861,-186633.53251076816,-78841.02381881654,0.0,-0.0,-320218.9053327734,0.0,-0.0,-1069000.050008297,-20000.000596046448,20000.000596046448,-113313.48936088262,-0.05451677428209223,0.05451677428209223,43619.99999999997,23220.0,-23220.0,3294756.749799995,122478.012649999,-122478.012649999,-2169151.308566997,64607.775945803645,-64607.775945803645,0.14999984204769135,0.8413730263710022,0.5084365606307983,0.2167695015668869,8413730.0,273.9295959472656,474.5345153808594,289.4122314453125,-50000000.0,-69.3656005859375,129000000.0,-344574816.0,0.0,0.0,-0.0,-0.0,265574880.0,-0.0,0.0,0.3333333333333333,0.4833333432674408,-6.936559763040528e-07,1.0,True,True,True,,0,0
7963200.0,27,0.9391786761235871,False,False,ok,,,True,0.3333333432674408,6.692633860438946e-07,1,0.0,0.3333333432674408,6.692633860438946e-07,0.0,-433865.53728591383,154089.4283453633,0.9843464311228489,-154089.4283453633,-0.9843464311228489,156539.83544146415,0.0,0.0,0.9391786761235871,0.5341149083385731,0.6368035857834653,0.5341149083385731,0.183833136089828,0.06,0.0,-0.04516775499926184,-0.0024385623321759864,-0.04272919266708585,5.0,1.0,0.5336271958721379,1.0,38721.98171929172,-38721.98171929172,0.0,38721.98171929172,0.0,206.51723583622248,0.63457,0.1875,-206.51723583622248,-137084.95662421826,-78841.02381881654,0.0,-0.0,-320218.9053327734,0.0,-0.0,-1089000.0506043434,-20000.000596046448,20000.000596046448,-113313.48008876563,0.009272116993088275,-0.009272116993088275,46199.99999999997,2580.0,-2580.0,3427544.1877499954,132787.43795000017,-132787.43795000017,-2306236.265191215,38721.98171929172,-38721.98171929172,0.1499999463558197,0.8408851623535156,0.5092582106590271,0.21586200594902039,8408852.0,273.3611755371094,474.5345153808594,289.3424377441406,-50000000.0,66.92633819580078,0.0,-206517232.0,0.0,0.0,-0.0,-0.0,256517168.0,-0.0,0.0,0.3333333333333333,0.4833333432674408,6.692633809299298e-07,1.0,True,True,False,,0,0
7966800.0,28,0.9030456367139217,False,False,ok,,,True,0.3333333432674408,2.2664248433557077e-07,1,0.0,0.3333333432674408,2.2664248433557077e-07,0.0,-449517.2648640734,148568.3956796953,0.9490772445282807,-148568.3956796953,-0.9490772445282807,156539.83544146415,0.0,0.0,0.9030456367139217,0.5347649900604773,0.6374536675053695,0.5347649900604773,0.18384535415994366,0.06,0.0,-0.04603160781435905,-0.0032504086095208606,-0.04278119920483819,5.0,1.0,0.5341149083385731,1.0,40309.805657649806,-40309.805657649806,0.0,40309.805657649806,0.0,214.9856301741323,0.63457,0.1875,-214.9856301741323,-123910.31760020507,-78841.02381881654,0.0,-0.0,-320218.9053327734,0.0,-0.0,-1109000.0512003899,-20000.000596046448,20000.000596046448,-113313.47467067413,0.0054180915030883625,-0.0054180915030883625,46199.99999999997,0.0,-0.0,3555802.772949993,128258.58519999776,-128258.58519999776,-2430146.58279142,40309.805657649806,-40309.805657649806,0.15000000596046448,0.8402349948883057,0.5092582106590271,0.21586200594902039,8402350.0,273.1498107910156,474.5345153808594,289.3424377441406,-50000000.0,22.664247512817383,0.0,-214985632.0,0.0,0.0,-0.0,-0.0,264985616.0,-0.0,0.0,0.3333333333333333,0.4833333432674408,2.2664248804094012e-07,1.0,True,True,False,,0,0
7970400.0,29,0.9201544181377117,False,False,ok,,,True,0.3333333432674408,-3.6264000691232923e-09,1,0.0,0.3333333432674408,-3.6264000691232923e-09,0.0,-465216.957738425,150393.66010998483,0.960737308084257,-150393.66010998483,-0.960737308084257,156539.83544146415,0.0,0.0,0.9201544181377117,0.5343322520175062,0.6370209294623984,0.5343322520175062,0.18383708620792666,0.06,0.0,-0.0405828899465452,0.002163690214855296,-0.042746580161400496,5.0,1.0,0.5347649900604773,1.0,38471.47628966832,-38471.47628966832,0.0,38471.47628966832,0.0,205.18120687823102,0.63457,0.1875,-205.18120687823102,-127621.87669466808,-78841.02381881654,0.0,-0.0,-320789.52573914477,-570.6204063713667,570.6204063713667,-1129000.0517964363,-20000.000596046448,20000.000596046448,-113313.47434793953,0.00032273460237775,-0.00032273460237775,46199.99999999997,0.0,-0.0,3688295.5774499928,132492.80449999962,-132492.80449999962,-2557768.4594860882,38471.47628966832,-38471.47628966832,0.15000000596046448,0.840667724609375,0.5092582106590271,0.21586200594902039,8406677.0,273.2904968261719,474.5345153808594,289.3424377441406,-50000000.0,-0.36263999342918396,0.0,-205181200.0,0.0,0.0,-5065033.0,-5065033.0,260246240.0,-0.0,0.0,0.3333333333333333,0.4833333432674408,-3.626400020551035e-09,1.0,True,True,False,,0,0
7974000.0,30,0.8099641225538307,False,False,ok,,,True,0.3333333432674408,-1.962725093562767e-08,1,0.0,0.3333333432674408,-1.962725093562767e-08,0.0,-473196.83264281484,132083.7248646444,0.8437706893721326,-132083.7248646444,-0.8437706893721326,156539.83544146415,0.0,0.0,0.8099641225538307,0.532572406871227,0.6352610843161192,0.532572406871227,0.18380734095906096,0.06,0.0,-0.033806566818301916,0.008799225731396243,-0.04260579254969816,5.0,1.0,0.5343322520175062,1.0,27706.85442252348,-27706.85442252348,0.0,27706.85442252348,0.0,147.76989025345856,0.63457,0.1875,-147.76989025345856,-112356.74534651078,-78841.02381881654,0.0,-0.0,-326535.77472989017,-5746.2489907454,5746.2489907454,-1149000.0523924828,-20000.000596046448,20000.000596046448,-113313.4750690262,-0.0007210866751847789,0.0007210866751847789,46199.99999999997,0.0,-0.0,3818418.6981999907,130123.1207499979,-130123.1207499979,-2670125.204832599,27706.85442252348,-27706.85442252348,0.15000000596046448,0.8424276113510132,0.5092582106590271,0.21586200594902039,8424276.0,273.8625793457031,474.5345153808594,289.3424377441406,-50000000.0,-1.962725043296814,0.0,-147769888.0,0.0,0.0,-44626816.0,-44626816.0,242396704.0,-0.0,0.0,0.3333333333333333,0.4833333432674408,-1.962725145604471e-08,1.0,True,True,False,,0,0
7977600.0,31,0.6119762944332076,False,False,ok,,,True,0.3333333432674408,-1.6000857305797922e-09,1,0.0,0.3333333432674408,-1.6000857305797922e-09,0.0,-463354.3934995001,99731.18830641251,0.6370978225775993,-99731.18830641251,-0.6370978225775993,156539.83544146415,0.0,0.0,0.6119762944332076,0.5291306225394737,0.6318192999843659,0.5291306225394737,0.18376706248268443,0.06,0.0,-0.025121528144391704,0.017208921658766196,-0.0423304498031579,5.0,1.0,0.532572406871227,1.0,15734.340979452336,-15734.340979452336,0.0,15734.340979452336,0.0,83.9164852237458,0.63457,0.1875,-83.9164852237458,-74154.40818364546,-78841.02381881654,0.0,-0.0,-343737.2817207726,-17201.50699088245,17201.50699088245,-1169000.0529885292,-20000.000596046448,20000.000596046448,-113313.47520513827,-0.00013611206668429077,0.00013611206668429077,46199.99999999997,0.0,-0.0,3939617.053249989,121198.3550499985,-121198.3550499985,-2744279.6130162445,15734.340979452336,-15734.340979452336,0.15000000596046448,0.8458693623542786,0.5092582106590271,0.21586200594902039,8458694.0,274.9814758300781,474.5345153808594,289.3424377441406,-50000000.0,-0.16000857949256897,0.0,-83916488.0,0.0,0.0,-97833800.0,-97833800.0,231750288.0,-0.0,0.0,0.3333333333333333,0.4833333432674408,-1.6000857097631105e-09,1.0,True,True,False,,0,0
7981200.0,32,1.8291974879397488,False,False,ok,,,True,0.3333333432674408,1.0,0,1.0,0.3333333432674408,1.0,-0.33000000000000007,-462441.277702718,82126.2578351786,0.5246348803393789,-82126.2578351786,-0.5246348803393789,156539.83544146415,0.0,0.0,1.8291974879397488,0.26399419391673207,0.3630956205521303,0.26399419391673207,0.043430895747277765,0.06,0.0,1.3045626076003698,1.3256821431137085,-0.021119535513338564,5.0,1.0,0.5291306225394737,1.0,15484.075120167721,-15484.075120167721,0.0,15484.075120167721,0.0,82.58173397422784,0.63457,0.1875,-82.58173397422784,-65729.06691822875,-78841.02381881654,0.0,-0.0,-373150.2418533144,-29412.960132541775,29412.960132541775,-1189000.0535845757,-20000.000596046448,20000.000596046448,-95313.4752115386,17999.99999359966,-17999.99999359966,28379.99999999997,-17820.0,17820.0,4055492.1966999895,115875.14345000032,-115875.14345000032,-2810008.6799344732,15484.075120167721,-15484.075120167721,0.33000001311302185,0.841005802154541,0.5041335821151733,0.22098664939403534,8410058.0,276.003173828125,474.00555419921875,289.93988037109375,-50000000.0,100000000.0,-49500000.0,-82581736.0,0.0,0.0,-141274448.0,-141274448.0,223356192.0,-0.0,0.0,0.3333333333333333,0.4833333432674408,1.802716621812639e-09,1.0,True,True,False,0,1,3
7984800.0,33,1.3670480790093258,False,False,ok,,,True,0.4833333492279053,1.0,0,1.0,0.4833333492279053,1.0,-0.33000000000000007,-446503.371137161,52545.68162614626,0.33566971293894693,-52545.68162614626,-0.33566971293894693,156539.83544146415,0.0,0.0,1.3670480790093258,0.0568095676207247,0.153017481537831,0.0568095676207247,0.0014894658621864868,0.06,1.0,1.0313783660703788,1.0359231314800368,-0.004544765409657976,5.0,1.0,0.26399419391673207,1.0,7570.107105915733,-7570.107105915733,0.0,7570.107105915733,0.0,40.37390456488391,0.63457,0.1875,-40.37390456488391,-29037.667954673525,-78841.02381881654,0.0,-0.0,-411952.7595151724,-38802.517661858,38802.517661858,-1217100.0545024872,-28100.00091791153,28100.00091791153,-75313.4752115386,20000.0,-20000.0,8579.99999999997,-19800.0,19800.0,4167170.2897999887,111678.09309999924,-111678.09309999924,-2839046.347889147,7570.107105915733,-7570.107105915733,0.5299999713897705,0.8381904363632202,0.49843883514404297,0.2266814261674881,8381904.5,278.0193176269531,471.8542785644531,290.5877685546875,-72500000.0,100000000.0,-49500000.0,-40373904.0,0.0,0.0,-171836032.0,-171836032.0,234209936.0,-0.0,0.0,0.3333333333333333,0.4833333432674408,-0.7649999980372748,1.0,True,False,False,0,2,2
7988400.0,34,-1.2917621770074563,False,False,ok,,,True,0.6333333253860474,1.0,0,1.0,0.6333333253860474,1.0,-0.33000000000000007,-419710.77089709317,38906.29118961223,0.2485392365457078,-38906.29118961223,-0.2485392365457078,156539.83544146415,0.0,0.0,-1.2917621770074563,0.3591238684363755,0.4553317823534818,0.3591238684363755,0.079549483360522,0.06,0.0,-1.540301413553164,-1.511571504078254,-0.02872990947491004,5.0,1.0,0.0568095676207247,1.0,2818.1748607983945,-2818.1748607983945,0.0,2818.1748607983945,0.0,15.030265924258105,0.28359,0.1875,-15.030265924258105,-9295.516088746022,-78841.02381881654,0.0,-0.0,-456069.61252014444,-44116.85300497204,44116.85300497204,-1254200.0541687012,-37099.99966621399,37099.99966621399,-55313.47521153861,20000.0,-20000.0,-11220.000000000031,-19800.0,19800.0,4284275.258799987,117104.96899999818,-117104.96899999818,-2848341.863977893,2818.1748607983945,-2818.1748607983945,0.7300000190734863,0.8358761072158813,0.4927436411380768,0.2323766052722931,8358761.5,280.2470397949219,469.6974792480469,291.2196350097656,-95000000.0,100000000.0,-49500000.0,-15030266.0,0.0,0.0,-182056624.0,-182056624.0,241586896.0,-0.0,0.0,0.33333334922790525,0.6333333492279053,-1.0,1.0,True,False,False,0,3,1
7992000.0,35,-0.930646888560177,False,False,ok,,,True,0.7833333015441895,0.6000000238418579,0,1.0,0.7833333015441895,0.6000000238418579,-0.33000000000000007,-394051.24687850697,14172.761895563639,0.09053773345036728,-14172.761895563639,-0.09053773345036728,156539.83544146415,0.0,0.0,-0.930646888560177,0.5544889693292169,0.6506968832463234,0.5544889693292169,0.19255186796038085,0.06,0.0,-1.0211846220105443,-0.9768255044642069,-0.044359117546337354,5.0,1.0,0.3591238684363755,1.0,-8189.483859552408,8189.483859552408,8189.483859552408,0.0,44.67559794638813,0.0,0.18331,0.1875,44.67559794638813,3297.278263470158,-78841.02381881654,0.0,-0.0,-501400.81715847895,-45331.204638334515,45331.204638334515,-1300300.0524044037,-46099.998235702515,46099.998235702515,-42513.474782385165,12800.000429153442,-12800.000429153442,-31020.000000000033,-19800.0,19800.0,4405068.706999989,120793.44820000231,-120793.44820000231,-2845044.5857144226,-8189.483859552408,8189.483859552408,0.8579999804496765,0.8325110077857971,0.4870479702949524,0.23807227611541748,8325110.5,282.16790771484375,467.53521728515625,291.83624267578125,-117499992.0,60000004.0,-49500000.0,44675596.0,0.0,-0.0,-180431824.0,-180431824.0,242756224.0,-0.0,0.0,0.48333332538604734,0.7833333253860474,-1.0,0.6000000023090868,True,False,False,,0,0
7995600.0,36,-0.1845389345646006,False,False,ok,,,True,0.9333332777023315,-0.04000002145767212,0,1.0,0.9333332777023315,-0.04000002145767212,-0.33000000000000007,-379753.09123191884,-14100.23507406149,-0.09007442121231865,14100.23507406149,0.09007442121231865,156539.83544146415,0.0,0.0,-0.1845389345646006,0.5643522362201508,0.6605601501372572,0.5643522362201508,0.19654183370958997,0.06,0.0,-0.09446451335228195,-0.049316334454669875,-0.04514817889761207,5.0,1.0,0.5544889693292169,1.0,-16756.12437073886,16756.12437073886,16756.12437073886,0.0,91.40867585368424,0.0,0.18331,0.1875,91.40867585368424,11642.266349910758,-78841.02381881654,0.0,-0.0,-544983.038881818,-43582.221723339,43582.221723339,-1355400.0492095947,-55099.99680519104,55099.99680519104,-42753.475507177645,-240.00072479248047,240.00072479248047,-50820.00000000004,-19800.000000000004,19800.000000000004,4526446.815549992,121378.1085500028,-121378.1085500028,-2833402.319364512,-16756.12437073886,16756.12437073886,0.8615294098854065,0.82794189453125,0.4813516139984131,0.2437686324119568,8279419.0,283.71942138671875,465.3675537109375,292.4383850097656,-139999984.0,-4000002.25,-49500000.0,91408672.0,0.0,0.0,-166876272.0,-166876272.0,268967584.0,-0.0,0.0,0.6333333015441894,0.9333333015441895,-1.0,-0.04000001914858442,True,True,False,0,1,3
7999200.0,37,0.02704282225086157,False,False,ok,,,True,1.0,-0.05764705687761307,0,1.0,1.0,-0.05764705687761307,-0.33000000000000007,-356464.407445081,343.76523089786315,0.0021960239700546335,-343.76523089786315,-0.0021960239700546335,156539.83544146415,0.0,0.0,0.02704282225086157,0.5505736974055014,0.6467816113226078,0.5505736974055014,0.18283774197943628,0.06,0.0,0.024846798280806937,0.06889269407324705,-0.044045895792440115,5.0,1.0,0.5643522362201508,1.0,-14051.598880408748,14051.598880408748,14051.598880408748,0.0,76.65484087288608,0.0,0.18331,0.1875,76.65484087288608,8893.319675531238,-78841.02381881654,0.0,-0.0,-583436.1779208732,-38453.13903905521,38453.13903905521,-1415000.0488758087,-59599.99966621399,59599.99966621399,-44988.769640602404,-2235.294133424759,2235.294133424759,-70620.00000000004,-19800.000000000007,19800.000000000007,4660930.612499993,134483.79695000127,-134483.79695000127,-2824508.9996889806,-14051.598880408748,14051.598880408748,0.8483806252479553,0.8219972252845764,0.47565436363220215,0.24946589767932892,8219972.5,284.8299865722656,463.19451904296875,293.0267028808594,-150000000.0,-5764705.5,-49500000.0,76654840.0,0.0,-0.0,-137735424.0,-137735424.0,266345280.0,-0.0,0.0,0.7833332777023315,1.0,-1.0,-0.057647057636409094,True,False,False,0,2,2
8002800.0,38,-0.017891103669395905,False,False,ok,,,True,1.0,0.008096887730062008,0,1.0,1.0,0.008096887730062008,-0.33000000000000007,-327821.27860715095,10329.003085976587,0.06598322437766309,-10329.003085976587,-0.06598322437766309,156539.83544146415,0.0,0.0,-0.017891103669395905,0.5584139399753083,0.6546218538924147,0.5584139399753083,0.18343308153694488,0.06,0.0,-0.083874328047059,-0.03920121284903433,-0.044673115198024665,5.0,1.0,0.5505736974055014,1.0,-13050.602313974287,13050.602313974287,13050.602313974287,0.0,46.019261306725504,0.0,0.28359,0.1875,46.019261306725504,5263.5234379791655,-78841.02381881654,0.0,-0.0,-613344.3694225528,-29908.191501679597,29908.191501679597,-1475000.0488758087,-60000.0,60000.0,-45073.61388897174,-84.84424836933613,84.84424836933613,-90420.00000000004,-19800.0,19800.0,4794103.253649995,133172.64115000144,-133172.64115000144,-2819245.4762510015,-13050.602313974287,13050.602313974287,0.8484816551208496,0.8143085241317749,0.4699558913707733,0.25516435503959656,8143085.5,285.3558349609375,461.01611328125,293.6018371582031,-150000000.0,809688.75,-49500000.0,46019260.0,0.0,0.0,-97207640.0,-97207640.0,249878688.0,-0.0,0.0,0.85,1.0,-1.0,0.008096887464317248,True,False,False,0,3,1
8006400.0,39,0.060669771150918705,False,False,ok,,,True,1.0,0.007591695059090853,0,1.0,1.0,0.007591695059090853,-0.33000000000000007,-298807.8460510268,27600.88183739792,0.17631858216510568,-27600.88183739792,-0.17631858216510568,156539.83544146415,0.0,0.0,0.060669771150918705,0.5723855336399072,0.6685934475570136,0.5723855336399072,0.18600456187244138,0.06,0.0,-0.11564881101418698,-0.0698579683229944,-0.045790842691192574,5.0,1.0,0.5584139399753083,1.0,903.8105396398944,-903.8105396398944,0.0,903.8105396398944,0.0,4.820322878079437,0.63457,0.1875,-4.820322878079437,2316.361258366145,-78841.02381881654,0.0,-0.0,-631939.4859113181,-18595.116488765343,18595.116488765343,-1535000.0488758087,-60000.0,60000.0,-44920.76960244798,152.84428652375937,-152.84428652375937,-110220.00000000004,-19800.0,19800.0,4919042.597149992,124939.34349999763,-124939.34349999763,-2816929.1149926353,903.8105396398944,-903.8105396398944,0.850010097026825,0.8026296496391296,0.46425583958625793,0.26086440682411194,8026296.0,284.48199462890625,458.8323059082031,294.1644592285156,-150000000.0,759169.5,-49500000.0,-4820323.0,0.0,0.0,-45622840.0,-45622840.0,249184000.0,-0.0,0.0,0.85,1.0,-1.0,0.007591695198743697,True,False,False,,0,0
8010000.0,40,2.01459761089825,False,False,ok,,,True,1.0,-1.0,2,0.0,1.0,-1.0,0.86,-311428.9832689372,61391.20342235567,0.3921762358394202,-61391.20342235567,-0.3921762358394202,156539.83544146415,0.0,0.0,2.01459761089825,0.24399730179935164,0.34036201497436225,0.24399730179935164,0.030055756528962096,0.06,0.0,1.6224213750588297,1.6419411592027777,-0.019519784143948133,5.0,1.0,0.5723855336399072,1.0,18528.044233899713,-18528.044233899713,0.0,18528.044233899713,0.0,98.81623591413181,0.63457,0.1875,-98.81623591413181,-55484.2964063664,-78841.02381881654,0.0,-0.0,-638923.5065129795,-6984.02060166141,6984.02060166141,-1595000.0488758087,-60000.0,60000.0,-80905.5862123298,-35984.81660988182,35984.81660988182,-88980.00000000004,21240.0,-21240.0,5043634.593549995,124591.99640000239,-124591.99640000239,-2872413.4113990017,18528.044233899713,-18528.044233899713,0.638397216796875,0.8135985732078552,0.4710373878479004,0.25363484025001526,8135985.5,284.53680419921875,461.5255126953125,293.5789794921875,-150000000.0,-100000000.0,129000000.0,-98816232.0,0.0,0.0,-5837367.0,-5837367.0,225653600.0,-0.0,0.0,0.85,1.0,-1.0,-5.051912744302723e-05,True,True,True,2,1,3
8013600.0,41,0.8091032700986723,False,False,ok,,,True,0.8500000238418579,-1.0,2,0.0,0.8500000238418579,-1.0,0.86,-338516.91875115025,72445.24371855459,0.4627911069041877,-72445.24371855459,-0.4627911069041877,156539.83544146415,0.0,0.0,0.8091032700986723,0.17198313893745543,0.26859963470217835,0.17198313893745543,0.01479308265143198,0.06,0.0,0.34631216319448466,0.36007081430948107,-0.013758651114996434,5.0,1.0,0.24399730179935164,1.0,26523.746573197746,-26523.746573197746,0.0,26523.746573197746,0.0,141.4599817237213,1.13597,0.1875,-141.4599817237213,-73009.43262756988,-78841.02381881654,0.0,-0.0,-639728.809480163,-805.3029671835247,805.3029671835247,-1646900.050163269,-51900.00128746033,51900.00128746033,-120905.5862123298,-40000.0,40000.0,-63180.000000000044,25800.0,-25800.0,5156461.394949993,112826.80139999837,-112826.80139999837,-2945422.8440265716,26523.746573197746,-26523.746573197746,0.4031031131744385,0.8233621716499329,0.47922107577323914,0.2447318136692047,8233622.0,283.40142822265625,464.6750183105469,292.8472595214844,-127500000.0,-100000000.0,129000000.0,-141459984.0,0.0,0.0,-0.0,-0.0,239959984.0,-0.0,0.0,0.85,1.0,-1.0,1.0,False,False,True,2,2,2
8017200.0,42,-1.1309006164137414,False,False,ok,,,True,0.7000000476837158,-1.0,2,0.0,0.7000000476837158,-1.0,0.86,-372662.91592216457,98719.48163467244,0.6306348882779246,-98719.48163467244,-0.6306348882779246,156539.83544146415,0.0,0.0,-1.1309006164137414,0.5160337006651463,0.6129472389972721,0.5160337006651463,0.16584125710725453,0.06,0.0,-1.761535504691666,-1.7202528086384543,-0.04128269605321171,5.0,1.0,0.17198313893745543,1.0,35839.49170264549,-35839.49170264549,0.0,35839.49170264549,0.0,191.14395574744262,1.13597,0.1875,-191.14395574744262,-97025.98710304126,-78841.02381881654,0.0,-0.0,-639728.809480163,0.0,-0.0,-1689800.0528812408,-42900.0027179718,42900.0027179718,-160905.5862123298,-40000.0,40000.0,-37380.000000000044,25800.0,-25800.0,5276441.387599995,119979.99265000224,-119979.99265000224,-3042448.831129613,35839.49170264549,-35839.49170264549,0.16780899465084076,0.8322528004646301,0.48740971088409424,0.23569446802139282,8322528.0,282.0035705566406,467.7458801269531,292.1045227050781,-105000008.0,-100000000.0,129000000.0,-191143952.0,0.0,0.0,-0.0,-0.0,267143968.0,-0.0,0.0,0.7000000238418579,1.0,-1.0,1.0,False,False,True,,0,0
8020800.0,43,0.3510889073617791,False,False,ok,,,True,0.5500000715255737,-0.07568823546171188,1,0.0,0.5500000715255737,-0.07568823546171188,0.0,-384224.9218996119,121898.58808583091,0.7787065045907319,-121898.58808583091,-0.7787065045907319,156539.83544146415,0.0,0.0,0.3510889073617791,0.5920838780619457,0.7192724440571071,0.5920838780619457,0.2084830025054443,0.06,0.0,-0.42761759722895276,-0.3802508869839971,-0.04736671024495566,5.0,1.0,0.5160337006651463,1.0,26371.38726093614,-26371.38726093614,0.0,26371.38726093614,0.0,140.64739872499274,1.13597,0.1875,-140.64739872499274,-107089.20680234209,-78841.02381881654,0.0,-0.0,-639728.809480163,0.0,-0.0,-1723700.0570297241,-33900.00414848328,33900.00414848328,-167630.36268895143,-6724.776476621628,6724.776476621628,-34800.000000000044,2580.0,-2580.0,5410013.369049998,133571.98145000264,-133571.98145000264,-3149538.037931955,26371.38726093614,-26371.38726093614,0.12825149297714233,0.8155388832092285,0.48390841484069824,0.1526956856250763,8155389.0,278.20159912109375,466.51019287109375,285.2852478027344,-82500008.0,-7568823.5,0.0,-140647392.0,0.0,0.0,-0.0,-0.0,230716240.0,-0.0,0.0,0.5500000476837158,0.8500000476837158,-0.07568823533834619,1.0,True,True,False,,0,0
8024400.0,44,1.2235463236027864,False,False,ok,,,True,0.40000006556510925,0.09243118017911911,2,0.0,0.40000006556510925,0.09243118017911911,0.86,-444462.6892303023,172557.6946972953,1.1023244927443454,-172557.6946972953,-1.1023244927443454,156539.83544146415,0.0,0.0,1.2235463236027864,0.5588971573723007,0.6862755044223668,0.5588971573723007,0.19161268275403096,0.06,0.0,0.12122183085844099,0.16593360344822505,-0.04471177258978406,5.0,1.0,0.5920838780619457,1.0,57518.57386558978,-57518.57386558978,0.0,57518.57386558978,0.0,306.7657272831455,0.98555,0.1875,-306.7657272831455,-175276.88816239592,-78841.02381881654,0.0,-0.0,-639728.809480163,0.0,-0.0,-1748600.0609993935,-24900.003969669342,24900.003969669342,-166269.35438757413,1361.0083013772964,-1361.0083013772964,-11580.000000000044,23220.0,-23220.0,5525371.485549994,115358.11649999581,-115358.11649999581,-3324814.926094351,57518.57386558978,-57518.57386558978,0.14310820400714874,0.8264405131340027,0.4913170039653778,0.1447448581457138,8264405.5,277.9828186035156,469.24578857421875,284.6322021484375,-60000008.0,9243118.0,129000000.0,-306765728.0,0.0,-0.0,-0.0,-0.0,228522624.0,2.9802322387695312e-08,0.0,0.4000000715255737,0.7000000715255738,0.09243117657719463,1.0,True,True,True,2,1,3
8028000.0,45,1.2208863638332177,False,False,ok,,,True,0.3333333432674408,0.029290147125720978,2,0.0,0.3333333432674408,0.029290147125720978,0.86,-510139.1206926287,180237.12695799925,1.1513818604044488,-180237.12695799925,-1.1513818604044488,156539.83544146415,0.0,0.0,1.2208863638332177,0.5364136384710108,0.66406349178073,0.5364136384710108,0.18364780752956036,0.06,0.0,0.06950450342876897,0.11241759450644984,-0.04291309107768086,5.0,1.0,0.5588971573723007,1.0,59863.73332921049,-59863.73332921049,0.0,59863.73332921049,0.0,319.27324442245595,0.98555,0.1875,-319.27324442245595,-186049.8250911152,-78841.02381881654,0.0,-0.0,-639728.809480163,0.0,-0.0,-1769000.061929226,-20400.00092983246,20400.00092983246,-165557.26937895291,712.0850086212158,-712.0850086212158,14219.999999999956,25800.0,-25800.0,5639632.795099998,114261.30955000408,-114261.30955000408,-3510864.751185466,59863.73332921049,-59863.73332921049,0.1502290517091751,0.838242769241333,0.49953585863113403,0.13575026392936707,8382428.0,277.65057373046875,472.21490478515625,283.89349365234375,-50000000.0,2929014.75,129000000.0,-319273248.0,0.0,0.0,-0.0,-0.0,237344224.0,-0.0,0.0,0.3333333333333333,0.5500000655651093,0.02929014728634009,1.0,False,False,True,,0,0
8031600.0,46,0.8233856595685587,False,False,ok,,,True,0.3333333432674408,-0.000973465561401099,1,0.0,0.3333333432674408,-0.000973465561401099,0.0,-529133.1817230033,138946.67209182194,0.8876122279033509,-138946.67209182194,-0.8876122279033509,156539.83544146415,0.0,0.0,0.8233856595685587,0.5406092048602059,0.6685392289877989,0.5406092048602059,0.18338439767143214,0.06,0.0,-0.06422656833479228,-0.0209778319459758,-0.043248736388816475,5.0,1.0,0.5364136384710108,1.0,37671.021553826955,-37671.021553826955,0.0,37671.021553826955,0.0,200.91211495374375,0.63457,0.1875,-200.91211495374375,-120269.71156836953,-78841.02381881654,0.0,-0.0,-639728.809480163,0.0,-0.0,-1789000.0625252724,-20000.000596046448,20000.000596046448,-165533.7338449119,23.535534041002393,-23.535534041002393,16799.999999999956,2580.0,-2580.0,5758304.910699995,118672.11559999734,-118672.11559999734,-3631134.4627538356,37671.021553826955,-37671.021553826955,0.15060870349407196,0.8334777355194092,0.5003570318222046,0.134842649102211,8334777.5,275.65203857421875,472.5079040527344,283.8189392089844,-50000000.0,-97346.5546875,0.0,-200912112.0,0.0,0.0,-0.0,-0.0,251009456.0,-0.0,0.0,0.3333333333333333,0.4833333432674408,-0.0009734655800617137,1.0,True,True,False,,0,0
8035200.0,47,0.8326967121557403,False,False,ok,,,True,0.3333333432674408,-0.0025870089884847403,1,0.0,0.3333333432674408,-0.0025870089884847403,0.0,-544185.614632064,141319.2163264437,0.9027683971169628,-141319.2163264437,-0.9027683971169628,156539.83544146415,0.0,0.0,0.8326967121557403,0.5458893128469,0.673819336974493,0.5458893128469,0.18414888399489437,0.06,0.0,-0.07007168496122247,-0.026400539933470468,-0.043671145027752004,5.0,1.0,0.5406092048602059,1.0,35911.51160831914,-35911.51160831914,0.0,35911.51160831914,0.0,191.52806191103542,0.63457,0.1875,-191.52806191103542,-120460.13762718532,-78841.02381881654,0.0,-0.0,-639728.809480163,0.0,-0.0,-1809000.0631213188,-20000.000596046448,20000.000596046448,-165630.76003074297,-97.02618583105505,97.02618583105505,16799.999999999956,0.0,-0.0,5883809.642199995,125504.73149999976,-125504.73149999976,-3751594.600381021,35911.51160831914,-35911.51160831914,0.1500379592180252,0.8290537595748901,0.5003570318222046,0.134842649102211,8290537.5,274.18890380859375,472.5079040527344,283.8189392089844,-50000000.0,-258700.90625,0.0,-191528064.0,0.0,0.0,-0.0,-0.0,241786768.0,-0.0,0.0,0.3333333333333333,0.4833333432674408,-0.002587009080486514,1.0,True,True,False,,0,0
8038800.0,48,0.8132908530741615,False,False,ok,,,True,0.3333333432674408,-0.0001613544300198555,1,0.0,0.3333333432674408,-0.0001613544300198555,0.0,-558356.2123663232,136647.58723981038,0.8729253282683296,-136647.58723981038,-0.8729253282683296,156539.83544146415,0.0,0.0,0.8132908530741615,0.5490317006749347,0.6769617248025277,0.5490317006749347,0.18438334801583456,0.06,0.0,-0.0596344751941681,-0.015711939140173325,-0.04392253605399477,5.0,1.0,0.5458893128469,1.0,35770.36248129036,-35770.36248129036,0.0,35770.36248129036,0.0,190.7752665668819,0.63457,0.1875,-190.7752665668819,-115047.82249277923,-78841.02381881654,0.0,-0.0,-639728.809480163,0.0,-0.0,-1829000.0637173653,-20000.000596046448,20000.000596046448,-165646.91682617762,-16.15679543465376,16.15679543465376,16799.999999999956,0.0,-0.0,6004703.024349995,120893.38214999996,-120893.38214999996,-3866642.4228738,35770.36248129036,-35770.36248129036,0.14994291961193085,0.8260539174079895,0.5003570318222046,0.134842649102211,8260539.0,273.19677734375,472.5079040527344,283.8189392089844,-50000000.0,-16135.443359375,0.0,-190775264.0,0.0,0.0,-0.0,-0.0,240791408.0,-0.0,0.0,0.3333333333333333,0.4833333432674408,-0.00016135443471013144,1.0,True,True,False,,0,0
8042400.0,49,1.1928077518098732,False,False,ok,,,True,0.3333333432674408,0.00024256545293610543,2,0.0,0.3333333432674408,0.00024256545293610543,0.86,-618883.7620657459,182360.18474973305,1.1649442727178798,-182360.18474973305,-1.1649442727178798,156539.83544146415,0.0,0.0,1.1928077518098732,0.5349005953312362,0.6682390842084084,0.5349005953312362,0.1838655812278852,0.06,0.0,0.027863479091993278,0.07065552671849218,-0.0427920476264989,5.0,1.0,0.5490317006749347,1.0,58740.76283534578,-58740.76283534578,0.0,58740.76283534578,0.0,313.2840684551775,0.63457,0.1875,-313.2840684551775,-184146.97161380993,-78841.02381881654,0.0,-0.0,-639728.809480163,0.0,-0.0,-1849000.0643134117,-20000.000596046448,20000.000596046448,-165643.19606574485,3.7207604327704757,-3.7207604327704757,40019.999999999956,23220.0,-23220.0,6125098.72609999,120395.70174999535,-120395.70174999535,-4050789.39448761,58740.76283534578,-58740.76283534578,0.14998279511928558,0.8401252031326294,0.5077724456787109,0.12680530548095703,8401252.0,274.0856018066406,474.5345458984375,283.15887451171875,-50000000.0,24256.544921875,129000000.0,-313284064.0,0.0,0.0,-0.0,-0.0,234259808.0,-0.0,0.0,0.3333333333333333,0.4833333432674408,0.00024256545115611955,1.0,True,True,True,,0,0
8046000.0,50,0.0,False,True,failure,"caes_cold_soc=0.04490270415191994 越界 [0.05, 0.95]",PostStepHardConstraintViolation,False,0.3333333432674408,7.313832611544058e-05,1,0.0,0.3333333432674408,7.313832611544058e-05,0.0,,,,,,,,,,,,,,,,,,,,,,,,,,,,,,,,,,,,,,,,,,,,,,,,,,,,,,0.14998279511928558,0.8401252031326294,0.5077724456787109,0.12680530548095703,8401252.0,274.0856018066406,474.5345458984375,283.15887451171875,-50000000.0,24256.544921875,129000000.0,-313284064.0,0.0,0.0,-0.0,-0.0,234259808.0,-0.0,0.0,0.3333333333333333,0.4833333432674408,7.313832266193226e-05,1.0,True,True,False,,0,0
